;#;FORM;LEMMA;GRAM;COMMENT;CHECKED;RIGHT1;RIGHT2;RIGHT3;RIGHT4;RIGHT5;RIGHT6;POS;AUTO_LEMMA;AUTO_GRAM
8939;#doc=cinematograph.2.txt;;;;;;;;;;;;;;
8940;1;;;S persn f anim nom sg;;+;;;;;;;S;;S f anim nom sg
8941;2;@;@;PUNC;;+;;;;;;;PUNC;@;PUNC
8942;3;:;:;PUNC;;+;;;;;;;PUNC;:;PUNC
8943;4;;;V tran ipf inf act;;+;;;;;;;V;;V ipf - - inf - -
8944;5;?;?;SENT;;+;;;;;;;SENT;?;SENT
8945;;;;;;+;;;;;;;;;
8946;1;;;INTJ;;+;;;;;;;NONLEX;;NONLEX
8947;2;.;.;SENT;;+;;;;;;;SENT;.;SENT
8948;;;;;;+;;;;;;;;;
8949;1;;;V tran ipf praes sg indic act - 1p;;+;;;;;;;V;;V ipf praes sg indic - 1p
8950;2;;;V intr pf inf indic;;+;;;;;;;V;;V pf - - inf - -
8951;3;;;PR;;+;;;;;;;PR;;PR
8952;4;;;S n inan 0 sg loc;;+;;;;;;;S;;S n inan nonflex nonflex
8953;5;,;,;PUNC;;+;;;;;;;PUNC;,;PUNC
8954;6;;;PART;;+;;;;;;;PART;;PART
8955;7;;;PART;;+;;;;;;;PART;;PART
8956;8;;;ADV;;+;;;;;;;NUM;;NUM acc - -
8957;9;;;PR;;+;;;;;;;PR;;PR
8958;10;;;S n inan 0 sg loc;;+;;;;;;;S;;S n inan nonflex nonflex
8959;11;,;,;PUNC;;+;;;;;;;PUNC;,;PUNC
8960;12;;;CONJ;;+;;;;;;;CONJ;;CONJ
8961;13;;;ADV;;+;;;;;;;ADV;;ADV -
8962;14;,;,;PUNC;;+;;;;;;;PUNC;,;PUNC
8963;15;;;INTJ;;+;;;;;;;S;;S f anim acc pl
8964;16;,;,;PUNC;;+;;;;;;;PUNC;,;PUNC
8965;17;...;...;PR;distort;+;;;;;;;PR;...;PR
8966;18;;;INTJ;;+;;;;;;;INTJ;;INTJ
8967;19;,;,;PUNC;;+;;;;;;;PUNC;,;PUNC
8968;20;;;PR;;+;;;;;;;PR;;PR
8969;21;;;APRO loc sg n;;+;;;;;;;A;;A - loc sg plen n -
8970;22;;;S n inan loc sg;;+;;;;;;;S;;S n inan loc sg
8971;23;;;PR;;+;;;;;;;PR;;PR
8972;24;;;S n inan loc sg;;+;;;;;;;S;;S n inan loc sg
8973;25;,;,;PUNC;;+;;;;;;;PUNC;,;PUNC
8974;26;;;INTJ;;+;;;;;;;NONLEX;;NONLEX
8975;27;,;,;PUNC;;+;;;;;;;PUNC;,;PUNC
8976;28;;;S m anim ins pl;;+;;;;;;;S;;S m anim ins pl
8977;29;.;.;SENT;;+;;;;;;;SENT;.;SENT
8978;;;;;;+;;;;;;;;;
8979;1;;;PARENTH;;+;;;;;;;ADV;;ADV -
8980;2;,;,;PUNC;;+;;;;;;;PUNC;,;PUNC
8981;3;;;PR;;+;;;;;;;PR;;PR
8982;4;;;S n inan 0 sg loc;;+;;;;;;;S;;S n inan nonflex nonflex
8983;5;;;SPRO sg 1p - nom;;+;;;;;;;SPRO;;SPRO sg 1p - nom
8984;6;;;ADV -;;+;;;;;;;ADV;;ADV -
8985;7;;;V tran ipf praet sg indic act f;;+;;;;;;;V;;V ipf praet sg indic f -
8986;8;;;V intr ipf inf indic;;+;;;;;;;V;;V ipf - - inf - -
8987;9;,;,;PUNC;;+;;;;;;;PUNC;,;PUNC
8988;10;;;ADV -;;+;;;;;;;ADV;;ADV -
8989;11;;;V tran ipf praet sg indic act f;;+;;;;;;;V;;V ipf praet sg indic f -
8990;12;;;V tran ipf inf indic;;+;;;;;;;V;;V ipf - - inf - -
8991;13;;;S m inan acc pl;;+;;;;;;;S;;S m inan acc pl
8992;14;,;,;PUNC;;+;;;;;;;PUNC;,;PUNC
8993;15;;;CONJ;;+;;;;;;;CONJ;;CONJ
8994;16;;;ADV -;;+;;;;;;;ADV;;ADV -
8995;17;;;PR;;+;;;;;;;PR;;PR
8996;18;;;S m inan dat sg;;+;;;;;;;S;;S m inan dat sg
8997;19;;;ADV comp;;+;;;;;;;ADV;;ADV comp
8998;20;;;SPRO n sg gen;;+;;;;;;;S;;S n - gen sg
8999;21;;;A - gen sg plen n -;;+;;;;;;;A;;A - gen sg plen n -
9000;22;;;APRO n sg gen;;+;;;;;;;A;;A - gen sg plen n -
9001;23;;;PART;;+;;;;;;;PART;;PART
9002;24;;;V tran ipf praet pl indic - -;;+;;;;;;;V;;V ipf praet pl indic - -
9003;25;-;-;PUNC;;+;;;;;;;PUNC;-;PUNC
9004;26;;;S f inan acc sg;;+;;;;;;;S;;S f inan acc sg
9005;27;,;,;PUNC;;+;;;;;;;PUNC;,;PUNC
9006;28;;;APRO acc sg f;;+;;;;;;;A;;A - acc sg plen f -
9007;29;;;V tran ipf praet pl indic act - -;;+;;;;;;;V;;V ipf praet pl indic - -
9008;30;;;PR;;+;;;;;;;PR;;PR
9009;31;;;S f inan loc sg;;+;;;;;;;S;;S f inan loc sg
9010;32;.;.;SENT;;+;;;;;;;SENT;.;SENT
9011;;;;;;+;;;;;;;;;
9012;1;;;CONJ;;+;;;;;;;CONJ;;CONJ
9013;2;,;,;PUNC;;+;;;;;;;PUNC;,;PUNC
9014;3;  ;  ;ZERO;;+;;;;;; ;-;  ;-
9015;4;,;,;PUNC;;+;;;;;;;PUNC;,;PUNC
9016;5;;;S m anim nom pl;;+;;;;;;;S;;S m anim nom pl
9017;6;,;,;PUNC;;+;;;;;;;PUNC;,;PUNC
9018;7;;;APRO nom pl;;+;;;;;;;A;;A - nom pl plen - -
9019;8;;;V intr ipf praet pl indic med -;;+;;;;;;;V;;V ipf praet pl indic - -
9020;9;,;,;PUNC;;+;;;;;;;PUNC;,;PUNC
9021;10;;;INTJ;;+;;;;;;;NONLEX;;NONLEX
9022;11;,;,;PUNC;;+;;;;;;;PUNC;,;PUNC
9023;12;;;PR;;+;;;;;;;PR;;PR
9024;13;;;S m inan loc pl;;+;;;;;;;S;;S m inan loc pl
9025;14;,;,;PUNC;;+;;;;;;;PUNC;,;PUNC
9026;15;;;APRO pl nom;;+;;;;;;;A;;A - nom pl plen - -
9027;16;,;,;PUNC;;+;;;;;;;PUNC;,;PUNC
9028;17;;;A - nom pl plen - -;;+;;;;;;;A;;A - nom pl plen - -
9029;18;;;S m anim nom pl;;+;;;;;;;S;;S m anim nom pl
9030;19;,;,;PUNC;;+;;;;;;;PUNC;,;PUNC
9031;20;;;SPRO pl 3p - nom;;+;;;;;;;SPRO;;SPRO pl - - nom
9032;21;;;V intr ipf praet pl indic act -;;+;;;;;;;V;;V ipf praet pl indic - -
9033;22;;;APRO pl nom;;+;;;;;;;A;;A - nom pl plen - -
9034;23;;;A - nom pl plen - -;;+;;;;;;;A;;A - nom pl plen - -
9035;24;.;.;SENT;;+;;;;;;;SENT;.;SENT
9036;;;;;;+;;;;;;;;;
9037;1;;;CONJ;;+;;;;;;;CONJ;;CONJ
9038;2;;;SPRO pl nom;;+;;;;;;;S;;S - - nom pl
9039;3;;;PR;;+;;;;;;;PR;;PR
9040;4;;;APRO sg n loc;;+;;;;;;;A;;A - loc sg plen n -
9041;5;;;S n inan loc sg;;+;;;;;;;S;;S n inan loc sg
9042;6;,;,;PUNC;;+;;;;;;;PUNC;,;PUNC
9043;7;;;INTJ;;+;;;;;;;PART;;PART
9044;8;,;,;PUNC;;+;;;;;;;PUNC;,;PUNC
9045;9;;;SPRO pl nom;;+;;;;;;;S;;S - - nom pl
9046;10;  ;  ;ZERO;;+;;;;; ;;-;  ;-
9047;11;,;,;PUNC;;+;;;;;;;PUNC;,;PUNC
9048;12;;;V intr ipf praet pl indic med -;;+;;;;;;;V;;V ipf praet pl indic - -
9049;13;;;S m inan ins sg;;+;;;;;;;S;;S m inan ins sg
9050;14;;;S f inan gen pl;;+;;;;;;;S;;S f inan gen pl
9051;15;;;S m anim gen pl;;+;;;;;;;S;;S m anim gen pl
9052;16;,;,;PUNC;;+;;;;;;;PUNC;,;PUNC
9053;17; ; ;ZERO;;+;;;; ;;;ZERO; ;ZERO
9054;18;;;SPRO pl 1p - nom;;+;;;;;;;SPRO;;SPRO pl 1p - nom
9055;19;;;SPRO pl nom;;+;;;;;;;S;;S - - acc pl
9056;20;;;V intr ipf praet pl indic act -;;+;;;;;;;V;;V ipf praet pl indic - -
9057;21;;;PR;;+;;;;;;;PR;;PR
9058;22;;;SPRO pl 3p - loc;;+;;;;;;;SPRO;;SPRO pl - - loc
9059;23;;;PARTCP tran pf pass praet pl brev;;+;;;;;;;A;;A - - pl brev - -
9060;24;:;:;PUNC;;+;;;;;;;PUNC;:;PUNC
9061;25;;;PR;;+;;;;;;;PR;;PR
9062;26;;;S m anim gen pl;;+;;;;;;;S;;S m anim gen pl
9063;27;,;,;PUNC;;+;;;;;;;PUNC;,;PUNC
9064;28;;;PR;;+;;;;;;;PR;;PR
9065;29;;;S f anim gen pl;;+;;;;;;;S;;S f anim gen pl
9066;30;,;,;PUNC;;+;;;;;;;PUNC;,;PUNC
9067;31;;;SPRO pl 3p - nom;;+;;;;;;;SPRO;;SPRO pl - - nom
9068;32;;;V intr ipf praet pl indic act -;;+;;;;;;;V;;V ipf praet pl indic - -
9069;33;;;ADV -;;+;;;;;;;ADV;;ADV -
9070;34;;;ADV -;;+;;;;;;;ADV;;ADV -
9071;35;;;A - ins pl plen - -;;+;;;;;;;A;;A - ins pl plen - -
9072;36;.;.;SENT;;+;;;;;;;SENT;.;SENT
9073;;;;;;+;;;;;;;;;
9074;1;;;CONJ;;+;;;;;;;CONJ;;CONJ
9075;2;;;SPRO sg 1p - nom;;+;;;;;;;SPRO;;SPRO sg 1p - nom
9076;3;;;PART;;+;;;;;;;PART;;PART
9077;4;;;V intr ipf praet sg indic med f;;+;;;;;;;V;;V ipf praet sg indic f -
9078;5;,;,;PUNC;;+;;;;;;;PUNC;,;PUNC
9079;6;;;PARENTH;;+;;;;;;;ADV;;ADV -
9080;7;;;PART;;+;;;;;;;PART;;PART
9081;8;,;,;PUNC;;+;;;;;;;PUNC;,;PUNC
9082;9;;;V tran ipf praet sg indic act f -;;+;;;;;;;V;;V ipf praet sg indic f -
9083;10;;;S f inan acc pl;;+;;;;;;;S;;S f inan acc pl
9084;11;;;S m anim gen pl;;+;;;;;;;S;;S m anim gen pl
9085;12;,;,;PUNC;;+;;;;;;;PUNC;,;PUNC
9086;13;;;APRO pl ins;;+;;;;;;;A;;A - ins pl plen - -
9087;14;;;V intr ipf praet pl indic med -;;+;;;;;;;V;;V ipf praet pl indic - -
9088;15;;;PR;;+;;;;;;;PR;;PR
9089;16;;;S m anim ins pl;;+;;;;;;;S;;S m anim ins pl
9090;17;,;,;PUNC;;+;;;;;;;PUNC;,;PUNC
9091;18; ; ;ZERO;;+;;;; ;;;ZERO; ;ZERO
9092;19;;;V intr ipf praet pl indic act -;;+;;;;;;;V;;V ipf praet pl indic - -
9093;20;;;A - nom pl plen - -;;+;;;;;;;A;;A - nom pl plen - -
9094;21;.;.;SENT;;+;;;;;;;SENT;.;SENT
9095;;;;;;+;;;;;;;;;
9096;1;-;-;SPRO anim m sg nom;;+;;;;;;;S;-;S m - nom sg
9097;2;;;V intr ipf praet sg indic med m;;+;;;;;;;V;;V ipf praet sg indic m -
9098;3;;;ADV -;;+;;;;;;;ADV;;ADV -
9099;4;;;PART;;+;;;;;;;PART;;PART
9100;5;,;,;PUNC;;+;;;;;;;PUNC;,;PUNC
9101;6;;;PART;;+;;;;;;;PART;;PART
9102;7;;;APRO m sg ins;;+;;;;;;;A;;A - ins sg plen m -
9103;8;;;S m anim ins sg;;+;;;;;;;S;;S m anim ins sg
9104;9;;;CONJ;;+;;;;;;;CONJ;;CONJ
9105;10;;;V tran ipf praet sg indic act m;;+;;;;;;;V;;V ipf praet sg indic m -
9106;11;;;SPRO pl 3p - acc;;+;;;;;;;SPRO;;SPRO pl - - acc
9107;12;,;,;PUNC;;+;;;;;;;PUNC;,;PUNC
9108;13;;;INTJ;;+;;;;;;;S;;S n inan loc sg
9109;14;,;,;PUNC;;+;;;;;;;PUNC;,;PUNC
9110;15;;;S f inan nom pl;;+;;;;;;;S;;S f inan nom pl
9111;16;,;,;PUNC;;+;;;;;;;PUNC;,;PUNC
9112;17;;;PR;;+;;;;;;;PR;;PR
9113;18;;;APRO m sg loc;;+;;;;;;;A;;A - loc sg plen m -
9114;19;;;S m inan loc sg;;+;;;;;;;S;;S m inan loc sg
9115;20;,;,;PUNC;;+;;;;;;;PUNC;,;PUNC
9116;21;;;INTJ;;+;;;;;;;PART;;PART
9117;22;;;NONLEX;;+;;;;;;;S;;S - - nonflex nonflex
9118;23;-;-;PUNC;;+;;;;;;;PUNC;-;PUNC
9119;24; ; ;ZERO;;+;;;;; ;;-; ;-
9120;25;;;PR;;+;;;;;;;PR;;PR
9121;26;-;-;SPRO m sg gen;;+;;;;;;;S;-;S m - gen sg
9122;27;;;V intr ipf praet sg indic act f;;+;;;;;;;V;;V ipf praet sg indic f -
9123;28;;;PART;;+;;;;;;;ADV;;ADV -
9124;29;-;-;A - nom sg plen f -;;+;;;;;;;A;-;A - nom sg plen m -
9125;30;,;,;PUNC;;+;;;;;;;PUNC;,;PUNC
9126;31;;;PR;;+;;;;;;;PR;;PR
9127;32;-;-;SPRO m sg gen;;+;;;;;;;S;-;S m - gen sg
9128;33;;;V intr ipf praet sg indic act f;;+;;;;;;;V;;V ipf praet sg indic f -
9129;34;;;PR;;+;;;;;;;PR;;PR
9130;35;-;-;APRO n sg loc;;+;;;;;;;A;-;A - loc sg plen n -
9131;36;;;S n inan loc sg;;+;;;;;;;S;;S n inan loc sg
9132;37;,;,;PUNC;;+;;;;;;;PUNC;,;PUNC
9133;38;;;PR;;+;;;;;;;PR;;PR
9134;39;-;-;SPRO m sg gen;;+;;;;;;;S;-;S m - gen sg
9135;40;;;PR;;+;;;;;;;PR;;PR
9136;41;-;-;APRO n sg loc;;+;;;;;;;A;-;A - loc sg plen m -
9137;42;;;S m inan loc sg;;+;;;;;;;S;;S m inan loc sg
9138;43;.;.;SENT;;+;;;;;;;SENT;.;SENT
9139;;;;;;+;;;;;;;;;
9140;1;;;PR;;+;;;;;;;PR;;PR
9141;2;;;SPRO n sg dat;;+;;;;;;;S;;S n - dat sg
9142;3;;;SPRO sg 1p - nom;;+;;;;;;;SPRO;;SPRO sg 1p - nom
9143;4;;;SPRO n sg acc;;+;;;;;;;A;;A - nom pl plen - -
9144;5;;;SPRO n sg acc;;+;;;;;;;S;;S n - nom sg
9145;6;;;V tran ipf praes sg indic act- 1p;;+;;;;;;;V;;V ipf praes sg indic - 1p
9146;7;?;?;SENT;;+;;;;;;;SENT;?;SENT
9147;;;;;;+;;;;;;;;;
9148;1;;;PART;;+;;;;;;;PART;;PART
9149;2;;;PART;;+;;;;;;;PART;;PART
9150;3;;;ADV -;;+;;;;;;;ADV;;ADV -
9151;4;;;PART;;+;;;;;;;PART;;PART
9152;5;;;PR;;+;;;;;;;PR;;PR
9153;6;;;SPRO sg 1p - gen;;+;;;;;;;SPRO;;SPRO sg 1p - acc
9154;7;;;V intr ipf praes sg indic act - 3p;;+;;;;;;;V;;V ipf praes sg indic - 3p
9155;8;;;S n inan acc sg;;+;;;;;;;S;;S n inan acc sg
9156;9;;;V tran ipf - - inf act - -;;+;;;;;;;V;;V ipf - - inf - -
9157;10;;;S m inan acc sg;;+;;;;;;;S;;S m inan acc sg
9158;11;;;CONJ;;+;;;;;;;CONJ;;CONJ
9159;12;;;SPRO sg 1p - nom;;+;;;;;;;SPRO;;SPRO sg 1p - nom
9160;13;;;V tran ipf praes sg indic act - 1p;;+;;;;;;;V;;V ipf praes sg indic - 1p
9161;14;;;S m inan acc pl;;+;;;;;;;S;;S m inan acc pl
9162;15;,;,;PUNC;;+;;;;;;;PUNC;,;PUNC
9163;16;;;PARENTH;;+;;;;;;;PR;;PR
9164;17;;;PARENTH;;+;;;;;;;S;;S n inan loc sg
9165;18;;;SPRO n sg nom;;+;;;;;;;S;;S n - nom sg
9166;19;;;PART;;+;;;;;;;PART;;PART
9167;20;;;S m inan nom pl;;+;;;;;;;S;;S m inan acc pl
9168;21;,;,;PUNC;;+;;;;;;;PUNC;,;PUNC
9169;22;;;CONJ;;+;;;;;;;CONJ;;CONJ
9170;23;;;S m inan nom pl;;+;;;;;;;S;;S m inan nom pl
9171;24;,;,;PUNC;;+;;;;;;;PUNC;,;PUNC
9172;25;;;ADV -;;+;;;;;;;ADV;;ADV -
9173;26;-;-;PUNC;;+;;;;;;;PUNC;-;PUNC
9174;27;;;NONLEX;;+;;;;;;;COM;;COM
9175;28;-;-;PUNC;;+;;;;;;;PUNC;-;PUNC
9176;29;;;S m inan nom pl;;+;;;;;;;S;;S m inan acc pl
9177;30;,;,;PUNC;;+;;;;;;;PUNC;,;PUNC
9178;31;;;CONJ;;+;;;;;;;CONJ;;CONJ
9179;32;;;SPRO sg 1p - nom;;+;;;;;;;SPRO;;SPRO sg 1p - nom
9180;33;;;PART;;+;;;;;;;PART;;PART
9181;34;;;V tran ipf praes sg indic act - 1p;;+;;;;;;;V;;V ipf praes sg indic - 1p
9182;35;;;S m anim acc pl;;+;;;;;;;S;;S m anim acc pl
9183;36;,;,;PUNC;;+;;;;;;;PUNC;,;PUNC
9184;37;;;INTJ;;+;;;;;;;S;;S n inan loc sg
9185;38;,;,;PUNC;;+;;;;;;;PUNC;,;PUNC
9186;39;;;S f inan gen pl;;+;;;;;;;S;;S f inan gen pl
9187;40;,;,;PUNC;;+;;;;;;;PUNC;,;PUNC
9188;41;;;PART;;+;;;;;;;PART;;PART
9189;42;;;PR;;+;;;;;;;PR;;PR
9190;43;;;APRO m sg loc;;+;;;;;;;A;;A - loc sg plen n -
9191;44;;;APRO m sg loc;;+;;;;;;;A;;A - loc sg plen n -
9192;45;;;S n inan loc sg;;+;;;;;;;S;;S n inan loc sg
9193;46;,;,;PUNC;;+;;;;;;;PUNC;,;PUNC
9194;47;;;CONJ;;+;;;;;;;CONJ;;CONJ
9195;48;;;SPRO sg 1p - nom;;+;;;;;;;SPRO;;SPRO sg 1p - nom
9196;49;;;PART;;+;;;;;;;PART;;PART
9197;50;;;V intr ipf praet sg indic act f -;;+;;;;;;;V;;V ipf praet sg indic f -
9198;51;;;V tran pf - - inf act - -;;+;;;;;;;V;;V pf - - inf - -
9199;52;;;PART;;+;;;;;;;CONJ;;CONJ
9200;53;,;,;PUNC;;+;;;;;;;PUNC;,;PUNC
9201;54;;;PART;;+;;;;;;;PART;;PART
9202;55;;;SPRO n sg nom;;+;;;;;;;S;;S n - nom sg
9203;56;;;PART;;+;;;;;;;PART;;PART
9204;57;;;S f inan nom sg;;+;;;;;;;S;;S f inan nom sg
9205;58;,;,;PUNC;;+;;;;;;;PUNC;,;PUNC
9206;59;;;PART;;+;;;;;;;CONJ;;CONJ
9207;60;,;,;PUNC;;+;;;;;;;PUNC;,;PUNC
9208;61;;;SPRO sg 1p - nom;;+;;;;;;;SPRO;;SPRO sg 1p - nom
9209;62;;;PARTCP tran pf pass praet sg f brev;;+;;;;;;;A;;A - - sg brev f -
9210;63;;;PR;;+;;;;;;;PR;;PR
9211;64;;;SPRO sg 3p m acc;;+;;;;;;;SPRO;;SPRO sg 3p m acc
9212;65;,;,;PUNC;;+;;;;;;;PUNC;,;PUNC
9213;66;;;PART;;+;;;;;;;CONJ;;CONJ
9214;67;,;,;PUNC;;+;;;;;;;PUNC;,;PUNC
9215;68;;;SPRO sg 3p m nom;;+;;;;;;;SPRO;;SPRO sg 3p m nom
9216;69;;;A - nom sg plen m -;;+;;;;;;;A;;A - nom sg plen m -
9217;70;;;S m anim nom sg;;+;;;;;;;S;;S m anim nom sg
9218;71;,;,;PUNC;;+;;;;;;;PUNC;,;PUNC
9219;72;;;CONJ;;+;;;;;;;CONJ;;CONJ
9220;73;,;,;PUNC;;+;;;;;;;PUNC;,;PUNC
9221;74;;;CONJ;;+;;;;;;;CONJ;;CONJ
9222;75;;;SPRO sg 3p m nom;;+;;;;;;;SPRO;;SPRO sg 3p m nom
9223;76;;;A - nom sg plen m -;;+;;;;;;;A;;A - nom sg plen m -
9224;77;,;,;PUNC;;+;;;;;;;PUNC;,;PUNC
9225;78;;;SPRO sg 3p m nom;;+;;;;;;;SPRO;;SPRO sg 3p m nom
9226;79;;;A - nom sg plen m -;;+;;;;;;;A;;A - nom sg plen m -
9227;80;,;,;PUNC;;+;;;;;;;PUNC;,;PUNC
9228;81;;;INTJ;;+;;;;;;;PART;;PART
9229;82;,;,;PUNC;;+;;;;;;;PUNC;,;PUNC
9230;83;;;SPRO sg 1p - nom;;+;;;;;;;SPRO;;SPRO sg 1p - nom
9231;84;;;PART;;+;;;;;;;PART;;PART
9232;85;;;V tran ipf praes sg indic act - 1p;;+;;;;;;;V;;V ipf praes sg indic - 1p
9233;86;,;,;PUNC;;+;;;;;;;PUNC;,;PUNC
9234;87;;;PART;;+;;;;;;;PART;;PART
9235;88;;;PART;;+;;;;;;;PART;;PART
9236;89;;;APRO f sg gen;;+;;;;;;;A;;A - gen sg plen f -
9237;90;;;S f inan gen sg;;+;;;;;;;S;;S f inan gen sg
9238;91;,;,;PUNC;;+;;;;;;;PUNC;,;PUNC
9239;92;;;PARENTH;;+;;;;;;;V;;V ipf praes sg indic - 3p
9240;93;,;,;PUNC;;+;;;;;;;PUNC;,;PUNC
9241;94;;;ADV -;;+;;;;;;;ADV;;ADV -
9242;95;,;,;PUNC;;+;;;;;;;PUNC;,;PUNC
9243;96;;;SPRO n sg nom;;+;;;;;;;S;;S n - nom sg
9244;97;,;,;PUNC;;+;;;;;;;PUNC;,;PUNC
9245;98;;;INTJ;;+;;;;;;;NONLEX;;NONLEX
9246;99;,;,;PUNC;;+;;;;;;;PUNC;,;PUNC
9247;100;;;PR;;+;;;;;;;PR;;PR
9248;101;;;S m inan ins sg;;+;;;;;;;S;;S m inan ins sg
9249;102;,;,;PUNC;;+;;;;;;;PUNC;,;PUNC
9250;103;;;CONJ;;+;;;;;;;CONJ;;CONJ
9251;104;;;SPRO sg 1p - dat;;+;;;;;;;SPRO;;SPRO sg 1p - loc
9252;105;;;V intr ipf praes sg indic med - 3p;;+;;;;;;;V;;V ipf praes sg indic - 3p
9253;106;;;CONJ;;+;;;;;;;CONJ;;CONJ
9254;107;;;PART;;+;;;;;;;PART;;PART
9255;108;,;,;PUNC;;+;;;;;;;PUNC;,;PUNC
9256;109;;;ADV -;;+;;;;;;;ADV;;ADV -
9257;110;;;S f inan nom sg;;+;;;;;;;S;;S f inan nom sg
9258;111;;;S n inan 0 sg loc;;+;;;;;;;S;;S n inan nonflex nonflex
9259;112;;;V intr pf praet sg indic act f -;;+;;;;;;;V;;V pf praet sg indic f -
9260;113;;;APRO f sg gen;;+;;;;;;;A;;A - acc sg plen m inan
9261;114;.;.;SENT;;+;;;;;;;SENT;.;SENT
9262;;;;;;+;;;;;;;;;
9263;1;;;CONJ;;+;;;;;;;CONJ;;CONJ
9264;2;;;S m anim nom pl;;+;;;;;;;S;;S m anim nom pl
9265;3;;;V intr pf praet pl indic act -;;+;;;;;;;S;;S f inan loc sg
9266;4;,;,;PUNC;;+;;;;;;;PUNC;,;PUNC
9267;5;;;INTJ;;+;;;;;;;PART;;PART
9268;6;,;,;PUNC;;+;;;;;;;PUNC;,;PUNC
9269;7;;;APRO pl gen;;+;;;;;;;A;;A - ins pl plen - -
9270;8;.;.;SENT;;+;;;;;;;SENT;.;SENT
9271;;;;;;+;;;;;;;;;
9272;1;;;PART;;+;;;;;;;PART;;PART
9273;2;,;,;PUNC;;+;;;;;;;PUNC;,;PUNC
9274;3;&;&;PUNC;;+;;;;;;;PUNC;&;PUNC
9275;4;lt;LT;NONLEX;;+;;;;;;;NONLEX;LT;NONLEX
9276;5;";";";";PUNC;;+;;;;;;;PUNC;";";PUNC
9277;6;distinct;DISTINCT;NONLEX;;+;;;;;;;NONLEX;DISTINCT;NONLEX
9278;7;form;FORM;NONLEX;;+;;;;;;;NONLEX;FORM;NONLEX
9279;8;+;+;PUNC;;+;;;;;;;PUNC;+;PUNC
9280;9;&;&;PUNC;;+;;;;;;;PUNC;&;PUNC
9281;10;quot;QUOT;NONLEX;;+;;;;;;;NONLEX;QUOT;NONLEX
9282;11;";";";";PUNC;;+;;;;;;;PUNC;";";PUNC
9283;12;;;PARENTH;distort;+;;;;;;;S;;S m inan loc sg
9284;13;&;&;PUNC;;+;;;;;;;PUNC;&;PUNC
9285;14;quot;QUOT;NONLEX;;+;;;;;;;NONLEX;QUOT;NONLEX
9286;15;";";";";SENT;;+;;;;;;;SENT;";";SENT
9287;;;;;;+;;;;;;;;;
9288;1;&;&;PUNC;;+;;;;;;;PUNC;&;PUNC
9289;2;gt;GT;NONLEX;;+;;;;;;;NONLEX;GT;NONLEX
9290;3;";";";";PUNC;;+;;;;;;;PUNC;";";PUNC
9291;4;;;PARENTH;;+;;;;;;;ADV;;ADV -
9292;5;&;&;PUNC;;+;;;;;;;PUNC;&;PUNC
9293;6;lt;LT;NONLEX;;+;;;;;;;NONLEX;LT;NONLEX
9294;7;";";";";SENT;;+;;;;;;;SENT;";";SENT
9295;;;;;;+;;;;;;;;;
9296;1;/;/;PUNC;;+;;;;;;;PUNC;/;PUNC
9297;2;distinct;DISTINCT;NONLEX;;+;;;;;;;NONLEX;DISTINCT;NONLEX
9298;3;&;&;PUNC;;+;;;;;;;PUNC;&;PUNC
9299;4;gt;GT;NONLEX;;+;;;;;;;NONLEX;GT;NONLEX
9300;5;";";";";SENT;;+;;;;;;;SENT;";";SENT
9301;;;;;;+;;;;;;;;;
9302;1;;;PARENTH;;+;;;;;;;PART;;PART
9303;2;;;V intr pf praet sg indic med n -;;+;;;;;;;V;;V pf praet sg indic n -
9304;3;;;S n inan nom sg;;+;;;;;;;S;;S n inan nom sg
9305;4;.;.;SENT;;+;;;;;;;SENT;.;SENT
9306;;;;;;+;;;;;;;;;
9307;1;;;INTJ;;+;;;;;;;PART;;PART
9308;2;;;ADV -;;+;;;;;;;ADV;;ADV -
9309;3;;;PRAEDIC;;+;;;;;;;ADV;;ADV -
9310;4;.;.;SENT;;+;;;;;;;SENT;.;SENT
9311;;;;;;+;;;;;;;;;
9312;1;;;PRAEDIC;;+;;;;;;;ADV;;ADV -
9313;2;;;V intr ipf praet sg indic act n -;;+;;;;;;;V;;V ipf praet sg indic n -
9314;3;;;PART;;+;;;;;;;PART;;PART
9315;4;-;-;ADVPRO;;+;;;;;;;ADV;-;ADV -
9316;5;...;...;SENT;;+;;;;;;;SENT;...;SENT
9317;;;;;;+;;;;;;;;;
9318;1;;;PARENTH;;+;;;;;;;ADV;;ADV -
9319;2;,;,;PUNC;;+;;;;;;;PUNC;,;PUNC
9320;3;;;SPRO n sg nom;;+;;;;;;;S;;S n - nom sg
9321;4;;;V intr ipf praes sg indic act - 3p;;+;;;;;;;V;;V ipf praes sg indic - 3p
9322;5;;;ADV -;;+;;;;;;;ADV;;ADV -
9323;6;-;-;PR;;+;;;;;;;PR;-;PR
9324;7;;;SPRO n sg gen;;+;;;;;;;S;;S n - gen sg
9325;8;,;,;PUNC;;+;;;;;;;PUNC;,;PUNC
9326;9;;;CONJ;;+;;;;;;;CONJ;;CONJ
9327;10;;;ADV comp;;+;;;;;;;ADV;;ADV comp
9328;11;;;PR;;+;;;;;;;PR;;PR
9329;12;;;S m anim loc pl;;+;;;;;;;S;;S m anim loc pl
9330;13;;;SPRO pl 1p - nom;;+;;;;;;;SPRO;;SPRO pl 1p - nom
9331;14;;;V tran ipf praet pl indic act - -;;+;;;;;;;V;;V ipf praet pl indic - -
9332;15;;;PART;;+;;;;;;;PART;;PART
9333;16;;;PR;;+;;;;;;;PR;;PR
9334;17;;;APRO;;+;;;;;;;A;;A - nonflex nonflex plen - -
9335;18;;;S f inan dat pl;;+;;;;;;;S;;S f inan dat pl
9336;19;.;.;SENT;;+;;;;;;;SENT;.;SENT
9337;;;;;;+;;;;;;;;;
9338;1;;;ADV -;;+;;;;;;;ADV;;ADV -
9339;2;;;V intr ipf praet pl indic act -;;+;;;;;;;V;;V ipf praet pl indic - -
9340;3;;;S n inan nom pl;;+;;;;;;;S;;S n inan nom pl
9341;4;;;PR;;+;;;;;;;PR;;PR
9342;5;;;S n inan nom pl;;+;;;;;;;S;;S n - loc sg
9343;6;,;,;PUNC;;+;;;;;;;PUNC;,;PUNC
9344;7;;;CONJ;;+;;;;;;;CONJ;;CONJ
9345;8;;;PART;;+;;;;;;;PART;;PART
9346;9;;;PR;;+;;;;;;;PR;;PR
9347;10;;;SPRO pl - - gen 3p;;+;;;;;;;SPRO;;SPRO pl - - loc
9348;11;;;S f anim nom sg;;+;;;;;;;S;;S f anim nom sg
9349;12;,;,;PUNC;;+;;;;;;;PUNC;,;PUNC
9350;13;;;S m anim nom sg;;+;;;;;;;S;;S m anim nom sg
9351;14;,;,;PUNC;;+;;;;;;;PUNC;,;PUNC
9352;15;;;S m anim nom pl;;+;;;;;;;S;;S m anim nom pl
9353;16;,;,;PUNC;;+;;;;;;;PUNC;,;PUNC
9354;17;;;CONJ;;+;;;;;;;CONJ;;CONJ
9355;18;;;ADVPRO;;+;;;;;;;ADV;;ADV -
9356;19;;;ADV -;;+;;;;;;;ADV;;ADV -
9357;20;;;SPRO pl 1p - nom;;+;;;;;;;SPRO;;SPRO pl 1p - nom
9358;21;;;PARTCP tran pf praet - pl brev - pass -;;+;;;;;;;PARTCP;;PARTCP pf praet - pl brev - pass -
9359;22;;;PR;;+;;;;;;;PR;;PR
9360;23;;;A - loc pl plen - -;;+;;;;;;;A;;A - loc pl plen - -
9361;24;;;S n inan loc pl;;+;;;;;;;S;;S n inan loc pl
9362;25;;;CONJ + PR;distort;+;;;;;;;CONJ;;CONJ
9363;26;;;PART;;+;;;;;;;PART;;PART
9364;27;...;...;NONLEX;distort;+;;;;;;;PR;...;PR
9365;28;;;PART;;+;;;;;;;PART;;PART
9366;29;;;PR;;+;;;;;;;PR;;PR
9367;30;;;A - loc pl plen - -;;+;;;;;;;A;;A - loc pl plen - -
9368;31;;;S n inan loc pl;;+;;;;;;;S;;S n inan loc pl
9369;32;,;,;PUNC;;+;;;;;;;PUNC;,;PUNC
9370;33;;;SPRO n sg nom;;+;;;;;;;S;;S n - nom sg
9371;34;;;PART;;+;;;;;;;PART;;PART
9372;35;,;,;PUNC;;+;;;;;;;PUNC;,;PUNC
9373;36;;;INTJ;;+;;;;;;;NONLEX;;NONLEX
9374;37;,;,;PUNC;;+;;;;;;;PUNC;,;PUNC
9375;38;;;PART;;+;;;;;;;A;;A - - sg brev m -
9376;39;;;PART;;+;;;;;;;PART;;PART
9377;40;;;ADV -;;+;;;;;;;ADV;;ADV -
9378;41;.;.;SENT;;+;;;;;;;SENT;.;SENT
9379;;;;;;+;;;;;;;;;
9380;1;;;ADVPRO;;+;;;;;;;ADV;;ADV -
9381;2;;;SPRO pl 1p - dat;;+;;;;;;;SPRO;;SPRO pl 1p - dat
9382;3;;;V tran ipf - - inf act - -;;+;;;;;;;V;;V ipf - - inf - -
9383;4;;;PR;;+;;;;;;;PR;;PR
9384;5;;;S m anim loc sg;;+;;;;;;;S;;S m anim loc sg
9385;6;;;APRO pl acc;;+;;;;;;;A;;A - acc pl plen - inan
9386;7;;;S f inan acc pl;;+;;;;;;;S;;S f inan gen sg
9387;8;;;APRO;;+;;;;;;;A;;A - nonflex nonflex plen - -
9388;9;;;S f inan gen sg;;+;;;;;;;S;;S f inan gen sg
9389;10;,;,;PUNC;;+;;;;;;;PUNC;,;PUNC
9390;11;;;APRO pl acc;;+;;;;;;;A;;A - nom pl plen - -
9391;12;;;ADV -;;+;;;;;;;ADV;;ADV -
9392;13;;;PART;;+;;;;;;;PART;;PART
9393;14;;;A pl acc brev;;+;;;;;;;A;;A - - pl brev - -
9394;15;.;.;SENT;;+;;;;;;;SENT;.;SENT
9395;;;;;;+;;;;;;;;;
9396;1;;;ADV -;;+;;;;;;;ADV;;ADV -
9397;2;;;V tran ipf praes sg indic act - 2p;;+;;;;;;;V;;V ipf praes sg indic - 2p
9398;3;;;S n inan 0 sg loc;;+;;;;;;;S;;S n inan nonflex nonflex
9399;4;,;,;PUNC;;+;;;;;;;PUNC;,;PUNC
9400;5;-;-;APRO m sg acc;;+;;;;;;;A;-;A - nom sg plen m -
9401;6;;;S m inan acc sg;;+;;;;;;;S;;S m inan nom sg
9402;7;;;CONJ;;+;;;;;;;CONJ;;CONJ
9403;8;;;V intr ipf praes sg indic act - 2p;;+;;;;;;;V;;V ipf praes sg indic - 2p
9404;9;:;:;PUNC;;+;;;;;;;PUNC;:;PUNC
9405;10;;;INTJ;;+;;;;;;;INTJ;;INTJ
9406;11;,;,;PUNC;;+;;;;;;;PUNC;,;PUNC
9407;12;;;CONJ;;+;;;;;;;CONJ;;CONJ
9408;13;;;SPRO sg 3p m nom;;+;;;;;;;SPRO;;SPRO sg 3p m nom
9409;14;;;V intr ipf praes sg indic act - 3p;;+;;;;;;;V;;V ipf praes sg indic - 3p
9410;15;;;PART;;+;;;;;;;PART;;PART
9411;16;;;V tran ipf - - inf act - -;;+;;;;;;;V;;V ipf - - inf - -
9412;17;;;SPRO n sg acc;;+;;;;;;;S;;S n - acc sg
9413;18;,;,;PUNC;;+;;;;;;;PUNC;,;PUNC
9414;19;;;CONJ;;+;;;;;;;CONJ;;CONJ
9415;20;;;SPRO sg 3p m nom;;+;;;;;;;SPRO;;SPRO sg 3p m nom
9416;21;&;&;PUNC;;+;;;;;;;PUNC;&;PUNC
9417;22;lt;LT;NONLEX;;+;;;;;;;NONLEX;LT;NONLEX
9418;23;";";";";PUNC;;+;;;;;;;PUNC;";";PUNC
9419;24;distinct;DISTINCT;NONLEX;;+;;;;;;;NONLEX;DISTINCT;NONLEX
9420;25;form;FORM;NONLEX;;+;;;;;;;NONLEX;FORM;NONLEX
9421;26;+;+;PUNC;;+;;;;;;;PUNC;+;PUNC
9422;27;&;&;PUNC;;+;;;;;;;PUNC;&;PUNC
9423;28;quot;QUOT;NONLEX;;+;;;;;;;NONLEX;QUOT;NONLEX
9424;29;";";";";PUNC;;+;;;;;;;PUNC;";";PUNC
9425;30;;;ADV -;distort;+;;;;;;;ADV;;ADV -
9426;31;&;&;PUNC;;+;;;;;;;PUNC;&;PUNC
9427;32;quot;QUOT;NONLEX;;+;;;;;;;NONLEX;QUOT;NONLEX
9428;33;";";";";SENT;;+;;;;;;;SENT;";";SENT
9429;;;;;;+;;;;;;;;;
9430;1;&;&;PUNC;;+;;;;;;;PUNC;&;PUNC
9431;2;gt;GT;NONLEX;;+;;;;;;;NONLEX;GT;NONLEX
9432;3;";";";";PUNC;;+;;;;;;;PUNC;";";PUNC
9433;4;;;ADV -;;+;;;;;;;ADV;;ADV -
9434;5;&;&;PUNC;;+;;;;;;;PUNC;&;PUNC
9435;6;lt;LT;NONLEX;;+;;;;;;;NONLEX;LT;NONLEX
9436;7;";";";";SENT;;+;;;;;;;SENT;";";SENT
9437;;;;;;+;;;;;;;;;
9438;1;/;/;PUNC;;+;;;;;;;PUNC;/;PUNC
9439;2;distinct;DISTINCT;NONLEX;;+;;;;;;;NONLEX;DISTINCT;NONLEX
9440;3;&;&;PUNC;;+;;;;;;;PUNC;&;PUNC
9441;4;gt;GT;NONLEX;;+;;;;;;;NONLEX;GT;NONLEX
9442;5;";";";";SENT;;+;;;;;;;SENT;";";SENT
9443;;;;;;+;;;;;;;;;
9444;1;;;V tran ipf praes sg indic act - 3p;;+;;;;;;;V;;V ipf praes sg indic - 3p
9445;2;,;,;PUNC;;+;;;;;;;PUNC;,;PUNC
9446;3;;;CONJ;;+;;;;;;;CONJ;;CONJ
9447;4;;;PART;;+;;;;;;;PART;;PART
9448;5;;;SPRO sg 3p m nom;;+;;;;;;;SPRO;;SPRO sg 3p m nom
9449;6;;;APRO m sg nom;;+;;;;;;;A;;A - nom sg plen m -
9450;7;;;A - nom sg plen m -;;+;;;;;;;A;;A - nom sg plen m -
9451;8;,;,;PUNC;;+;;;;;;;PUNC;,;PUNC
9452;9;;;SPRO sg 3p m nom;;+;;;;;;;SPRO;;SPRO sg 3p m nom
9453;10;;;PART;;+;;;;;;;PART;;PART
9454;11;;;V tran ipf praes sg indic act - 3p;;+;;;;;;;V;;V ipf praes sg indic - 3p
9455;12;;;APRO pl acc;;+;;;;;;;A;;A - nom pl plen - -
9456;13;;;S m inan acc pl;;+;;;;;;;S;;S m inan nom pl
9457;14;;;PR;;+;;;;;;;PR;;PR
9458;15;;;S f inan loc sg;;+;;;;;;;S;;S f inan loc sg
9459;16;,;,;PUNC;;+;;;;;;;PUNC;,;PUNC
9460;17;;;PART;;+;;;;;;;PART;;PART
9461;18;;;PR;;+;;;;;;;PR;;PR
9462;19;;;SPRO sg 3p m loc;;+;;;;;;;SPRO;;SPRO sg 3p m loc
9463;20;;;APRO pl acc;;+;;;;;;;A;;A - nom sg plen n -
9464;21;;;PART;;+;;;;;;;PART;;PART
9465;22;;;V tran ipf praet pl indic act - -;;+;;;;;;;V;;V ipf praet pl indic - -
9466;23;,;,;PUNC;;+;;;;;;;PUNC;,;PUNC
9467;24;;;PR;;+;;;;;;;PR;;PR
9468;25;;;SPRO sg 3p m loc;;+;;;;;;;SPRO;;SPRO sg 3p m loc
9469;26;;;APRO pl acc;;+;;;;;;;A;;A - nom sg plen n -
9470;27;;;V tran ipf praet pl indic act - -;;+;;;;;;;V;;V ipf praet pl indic - -
9471;28;...;...;CONJ;;+;;;;;;;CONJ;...;CONJ
9472;29;;;CONJ;;+;;;;;;;CONJ;;CONJ
9473;30;;;SPRO n sg nom;;+;;;;;;;S;;S n - nom sg
9474;31;;;A - - sg brev n -;;+;;;;;;;A;;A - - sg brev n -
9475;32;;;ADV -;;+;;;;;;;ADV;;ADV -
9476;33;,;,;PUNC;;+;;;;;;;PUNC;,;PUNC
9477;34;;;INTJ;;+;;;;;;;PART;;PART
9478;35;,;,;PUNC;;+;;;;;;;PUNC;,;PUNC
9479;36;;;CONJ;;+;;;;;;;CONJ;;CONJ
9480;37;;;V tran ipf praet sg indic act m -;;+;;;;;;;V;;V ipf praet sg indic m -
9481;38;;;S m anim nom sg famn;;+;;;;;;;S;;S m anim nom sg
9482;39;,;,;PUNC;;+;;;;;;;PUNC;,;PUNC
9483;40;;;PR;;+;;;;;;;PR;;PR
9484;41;;;S m anim loc sg;;+;;;;;;;S;;S m anim loc sg
9485;42;;;PRAEDIC;;+;;;;;;;ADV;;ADV -
9486;43;;;V intr ipf - - inf act - -;;+;;;;;;;V;;V ipf - - inf - -
9487;44;;;SPRO n sg nom;;+;;;;;;;ADV;;ADV -
9488;45;;;ADV -;;+;;;;;;;ADV;;ADV -
9489;46;-;-;PUNC;;+;;;;;;;PUNC;-;PUNC
9490;47;;;CONJ;;+;;;;;;;CONJ;;CONJ
9491;48;;;S n inan nom sg;;+;;;;;;;S;;S n inan nom sg
9492;49;,;,;PUNC;;+;;;;;;;PUNC;,;PUNC
9493;50;;;CONJ;;+;;;;;;;CONJ;;CONJ
9494;51;;;S f inan nom sg;;+;;;;;;;S;;S f inan nom sg
9495;52;,;,;PUNC;;+;;;;;;;PUNC;,;PUNC
9496;53;;;CONJ;;+;;;;;;;CONJ;;CONJ
9497;54;;;SPRO n sg nom;;+;;;;;;;CONJ;;CONJ
9498;55;;;PART;;+;;;;;;;ADV;;ADV -
9499;56;,;,;PUNC;;+;;;;;;;PUNC;,;PUNC
9500;57;;;CONJ;;+;;;;;;;CONJ;;CONJ
9501;58;;;S m inan acc sg;;+;;;;;;;S;;S m inan acc sg
9502;59;,;,;PUNC;;+;;;;;;;PUNC;,;PUNC
9503;60;;;CONJ;;+;;;;;;;CONJ;;CONJ
9504;61;;;PR;;+;;;;;;;PR;;PR
9505;62;;;S m anim loc sg;;+;;;;;;;S;;S m anim loc sg
9506;63;;;PRAEDIC;;+;;;;;;;ADV;;ADV -
9507;64;;;V intr ipf - - inf act - -;;+;;;;;;;V;;V ipf - - inf - -
9508;65;;;SPRO n sg nom;;+;;;;;;;S;;S n - nom sg
9509;66;;;ADV -;;+;;;;;;;ADV;;ADV -
9510;67;,;,;PUNC;;+;;;;;;;PUNC;,;PUNC
9511;68;;;PR;;+;;;;;;;PR;;PR
9512;69;;;NUM acc - -;;+;;;;;;;NUM;;NUM acc - -
9513;70;;;S m inan gen sg;;+;;;;;;;S;;S m inan acc sg
9514;71;;;SPRO n sg nom;;+;;;;;;;ADV;;ADV -
9515;72;;;A comp - - plen - -;;+;;;;;;;A;;A comp - - plen - -
9516;73;,;,;PUNC;;+;;;;;;;PUNC;,;PUNC
9517;74;;;ADV comp;;+;;;;;;;ADV;;ADV comp
9518;75;,;,;PUNC;;+;;;;;;;PUNC;,;PUNC
9519;76; ; ;ZERO;;+;;;; ;;;ZERO; ;ZERO
9520;77;;;SPRO pl 1p - nom;;+;;;;;;;SPRO;;SPRO pl 1p - nom
9521;78;;;PR;;+;;;;;;;PR;;PR
9522;79;;;SPRO pl - - acc 3p;;+;;;;;;;SPRO;;SPRO pl - - loc
9523;80;;;V tran ipf praes pl indic act - 1p;;+;;;;;;;V;;V ipf praes pl indic - 1p
9524;81;;;CONJ;;+;;;;;;;CONJ;;CONJ
9525;82;;;SPRO pl 1p - nom;;+;;;;;;;SPRO;;SPRO pl 1p - nom
9526;83;;;PR;;+;;;;;;;PR;;PR
9527;84;;;SPRO pl - - acc 3p;;+;;;;;;;SPRO;;SPRO pl - - loc
9528;85;;;V tran ipf praes pl indic act - 1p;;+;;;;;;;V;;V ipf praes pl indic - 1p
9529;86;;;V intr ipf - - inf med - -;;+;;;;;;;V;;V ipf - - inf - -
9530;87;,;,;PUNC;;+;;;;;;;PUNC;,;PUNC
9531;88;;;CONJ;;+;;;;;;;CONJ;;CONJ
9532;89;;;SPRO pl 1p - nom;;+;;;;;;;SPRO;;SPRO pl 1p - nom
9533;90;;;V intr ipf praes pl indic act - 1p;;+;;;;;;;V;;V ipf praes pl indic - 1p
9534;91;,;,;PUNC;;+;;;;;;;PUNC;,;PUNC
9535;92;;;CONJ;;+;;;;;;;CONJ;;CONJ
9536;93;;;PART;;+;;;;;;;CONJ;;CONJ
9537;94;,;,;PUNC;;+;;;;;;;PUNC;,;PUNC
9538;95;;;PART;;+;;;;;;;PART;;PART
9539;96;;;SPRO n sg nom;;+;;;;;;;S;;S n inan acc sg
9540;97;,;,;PUNC;;+;;;;;;;PUNC;,;PUNC
9541;98;;;CONJ;;+;;;;;;;CONJ;;CONJ
9542;99;;;SPRO pl - - nom 3p;;+;;;;;;;SPRO;;SPRO pl - - nom
9543;100;;;V tran ipf praes pl indic act - 3p;;+;;;;;;;V;;V ipf praes pl indic - 3p
9544;101;,;,;PUNC;;+;;;;;;;PUNC;,;PUNC
9545;102;;;PART;;+;;;;;;;PART;;PART
9546;103;;;PART;;+;;;;;;;S;;S n - nom sg
9547;104;;;S f sg nom;;+;;;;;;;ADV;;ADV -
9548;105;,;,;PUNC;;+;;;;;;;PUNC;,;PUNC
9549;106;;;CONJ;;+;;;;;;;CONJ;;CONJ
9550;107;;;SPRO pl - - nom 3p;;+;;;;;;;SPRO;;SPRO pl - - nom
9551;108;;;PART;;+;;;;;;;PART;;PART
9552;109;;;V intr ipf praes pl indic med - 3p;;+;;;;;;;V;;V ipf praes pl indic - 3p
9553;110;;;PR;;+;;;;;;;PR;;PR
9554;111;;;SPRO pl 1p - dat;;+;;;;;;;SPRO;;SPRO pl 1p - dat
9555;112;;;PR;;+;;;;;;;PR;;PR
9556;113;;;S m inan gen sg;;+;;;;;;;S;;S m inan gen sg
9557;114;.;.;SENT;;+;;;;;;;SENT;.;SENT
9558;;;;;;+;;;;;;;;;
9559;1;;;CONJ;;+;;;;;;;CONJ;;CONJ
9560;2;;;SPRO m sg gen;;+;;;;;;;S;;S n - gen sg
9561;3;;;PART;;+;;;;;;;PART;;PART
9562;4;;;V intr ipf praes sg indic act - 3p;;+;;;;;;;V;;V ipf praes sg indic - 3p
9563;5;;;PR;;+;;;;;;;PR;;PR
9564;6;;;S m inan loc pl;;+;;;;;;;S;;S m inan loc pl
9565;7;,;,;PUNC;;+;;;;;;;PUNC;,;PUNC
9566;8;;;APRO pl loc;;+;;;;;;;A;;A - nom pl plen - -
9567;9;;;V tran ipf praes pl indic act - 3p;;+;;;;;;;V;;V ipf praes pl indic - 3p
9568;10;;;ADV -;;+;;;;;;;ADV;;ADV -
9569;11;.;.;SENT;;+;;;;;;;SENT;.;SENT
9570;;;;;;+;;;;;;;;;
9571;1;;;INTJ;;+;;;;;;;PART;;PART
9572;2;,;,;PUNC;;+;;;;;;;PUNC;,;PUNC
9573;3;;;ADV -;;+;;;;;;;ADV;;ADV -
9574;4;;;PRAEDIC;;+;;;;;;;ADV;;ADV -
9575;5;,;,;PUNC;;+;;;;;;;PUNC;,;PUNC
9576;6;;;CONJ;;+;;;;;;;CONJ;;CONJ
9577;7;;;ADVPRO;;+;;;;;;;ADV;;ADV -
9578;8;;;V intr ipf praes sg indic act - 3p;;+;;;;;;;V;;V ipf praes sg indic - 3p
9579;9;.;.;SENT;;+;;;;;;;SENT;.;SENT
9580;;;;;;+;;;;;;;;;
9581;1;;;INTJ;;+;;;;;;;PART;;PART
9582;2;,;,;PUNC;;+;;;;;;;PUNC;,;PUNC
9583;3;;;PARENTH;;+;;;;;;;PR;;PR
9584;4;;;PARENTH;;+;;;;;;;A;;A - loc sg plen m -
9585;5;-;-;PUNC;;+;;;;;;;PUNC;-;PUNC
9586;6;;;PART;;+;;;;;;;CONJ;;CONJ
9587;7;,;,;PUNC;;+;;;;;;;PUNC;,;PUNC
9588;8;;;S f inan nom sg;;+;;;;;;;S;;S f inan nom sg
9589;9;,;,;PUNC;;+;;;;;;;PUNC;,;PUNC
9590;10;;;PARENTH;;+;;;;;;;ADV;;ADV -
9591;11;,;,;PUNC;;+;;;;;;;PUNC;,;PUNC
9592;12;;;A - nom sg plen f -;;+;;;;;;;A;;A - nom sg plen f -
9593;13;,;,;PUNC;;+;;;;;;;PUNC;,;PUNC
9594;14;;;CONJ;;+;;;;;;;CONJ;;CONJ
9595;15;;;ADV -;;+;;;;;;;ADV;;ADV -
9596;16;;;SPRO sg 1p - nom;;+;;;;;;;SPRO;;SPRO sg 1p - nom
9597;17;;;V tran pf praet sg indic act f -;;+;;;;;;;V;;V pf praet sg indic f -
9598;18;;;SPRO - - - acc;;+;;;;;;;SPRO;;SPRO - - - acc
9599;19;;;PR;;+;;;;;;;PR;;PR
9600;20;;;SPRO n sg loc;;+;;;;;;;S;;S n - loc sg
9601;21;,;,;PUNC;;+;;;;;;;PUNC;,;PUNC
9602;22;;;CONJ;;+;;;;;;;CONJ;;CONJ
9603;23;;;SPRO sg 1p - nom;;+;;;;;;;SPRO;;SPRO sg 1p - nom
9604;24;;;V tran ipf praes sg indic act - 1p;;+;;;;;;;V;;V ipf praes sg indic - 1p
9605;25;;;A - acc pl plen - inan;;+;;;;;;;A;;A - acc pl plen - inan
9606;26;;;S m inan acc pl;;+;;;;;;;S;;S m inan acc pl
9607;27;,;,;PUNC;;+;;;;;;;PUNC;,;PUNC
9608;28;;;SPRO pl - - acc;;+;;;;;;;SPRO;;SPRO pl - - acc
9609;29;;;V tran ipf praes pl indic act - 3p;;+;;;;;;;V;;V ipf praes pl indic - 3p
9610;30;;;PR;;+;;;;;;;PR;;PR
9611;31;;;A - dat pl plen - -;;+;;;;;;;A;;A - dat pl plen - -
9612;32;;;S m inan dat pl;;+;;;;;;;S;;S m inan dat pl
9613;33;;;PR;;+;;;;;;;PR;;PR
9614;34;;;S n inan loc sg;;+;;;;;;;S;;S n inan loc sg
9615;35;;;CONJ;;+;;;;;;;CONJ;;CONJ
9616;36;;;CONJ;;+;;;;;;;CONJ;;CONJ
9617;37;,;,;PUNC;;+;;;;;;;PUNC;,;PUNC
9618;38;;;SPRO sg 1p - nom;;+;;;;;;;SPRO;;SPRO sg 1p - nom
9619;39;;;V intr ipf praes sg indic act - 1p;;+;;;;;;;V;;V ipf praes sg indic - 1p
9620;40;;;V pf - - inf - -;;+;;;;;;;V;;V pf - - inf - -
9621;41;,;,;PUNC;;+;;;;;;;PUNC;,;PUNC
9622;42;;;CONJ;;+;;;;;;;CONJ;;CONJ
9623;43;;;PART;;+;;;;;;;PART;;PART
9624;44;;;S n - nom sg;;+;;;;;;;S;;S n - nom sg
9625;45;,;,;PUNC;;+;;;;;;;PUNC;,;PUNC
9626;46;;;CONJ;;+;;;;;;;CONJ;;CONJ
9627;47;;;SPRO sg 1p - nom;;+;;;;;;;SPRO;;SPRO sg 1p - nom
9628;48;;;V ipf praet sg indic f -;;+;;;;;;;V;;V ipf praet sg indic f -
9629;49;;;PR;;+;;;;;;;PR;;PR
9630;50;;;A - loc pl plen - -;;+;;;;;;;A;;A - loc pl plen - -
9631;51;;;S m inan loc pl;;+;;;;;;;S;;S m inan loc pl
9632;52;,;,;PUNC;;+;;;;;;;PUNC;,;PUNC
9633;53;;;SPRO sg 1p - nom;;+;;;;;;;SPRO;;SPRO sg 1p - nom
9634;54;;;V ipf praes sg indic - 1p;;+;;;;;;;V;;V ipf praes sg indic - 1p
9635;55;;;V tran pf - - inf act - -;;+;;;;;;;V;;V pf - - inf - -
9636;56;;;CONJ;;+;;;;;;;CONJ;;CONJ
9637;57;;;ADV -;;+;;;;;;;ADV;;ADV -
9638;58;.;.;SENT;;+;;;;;;;SENT;.;SENT
9639;;;;;;+;;;;;;;;;
9640;1;-;-;ADV -;;+;;;;;;;ADV;-;ADV -
9641;2;;;V intr ipf praet pl indic med - -;;+;;;;;;;V;;V ipf praet pl indic - -
9642;3;;;SPRO pl - - nom 3p;;+;;;;;;;SPRO;;SPRO pl - - nom
9643;4;,;,;PUNC;;+;;;;;;;PUNC;,;PUNC
9644;5;;;SPRO pl 1p - nom;;+;;;;;;;SPRO;;SPRO pl 1p - nom
9645;6;;;V tran ipf praet pl indic act - -;;+;;;;;;;V;;V ipf praet pl indic - -
9646;7;;;A - acc sg plen n inan;;+;;;;;;;A;;A - acc sg plen n inan
9647;8;;;PR;;+;;;;;;;PR;;PR
9648;9;;;S m inan gen sg;;+;;;;;;;S;;S m inan gen sg
9649;10;,;,;PUNC;;+;;;;;;;PUNC;,;PUNC
9650;11;;;CONJ;;+;;;;;;;CONJ;;CONJ
9651;12;;;S n inan acc sg;;+;;;;;;;S;;S n inan acc sg
9652;13;;;V intr ipf praet sg indic act n -;;+;;;;;;;V;;V ipf praet sg indic n -
9653;14;;;A - nom sg plen n -;;+;;;;;;;A;;A - nom sg plen n -
9654;15;.;.;SENT;;+;;;;;;;SENT;.;SENT
9655;;;;;;+;;;;;;;;;
9656;1;;;CONJ;;+;;;;;;;CONJ;;CONJ
9657;2;;;ADV -;;+;;;;;;;ADV;;ADV -
9658;3;;;SPRO sg n nom;;+;;;;;;;ADV;;ADV -
9659;4;;;ADV -;;+;;;;;;;ADV;;ADV -
9660;5;:;:;PUNC;;+;;;;;;;PUNC;:;PUNC
9661;6;;;SPRO pl 1p - nom;;+;;;;;;;SPRO;;SPRO pl 1p - nom
9662;7;;;V tran ipf praes pl indic act - 1p;;+;;;;;;;V;;V ipf praes pl indic - 1p
9663;8;;;A - acc pl plen - inan;;+;;;;;;;A;;A - acc pl plen - inan
9664;9;;;S m inan acc pl;;+;;;;;;;S;;S m inan acc pl
9665;10;,;,;PUNC;;+;;;;;;;PUNC;,;PUNC
9666;11;;;SPRO pl 1p - nom;;+;;;;;;;SPRO;;SPRO pl 1p - nom
9667;12;;;V tran ipf praes pl indic act - 1p;;+;;;;;;;V;;V ipf praes pl indic - 1p
9668;13;;;A - acc pl plen - -;;+;;;;;;;A;;A - nom pl plen - -
9669;14;;;S m inan acc pl;;+;;;;;;;S;;S m inan nom pl
9670;15;,;,;PUNC;;+;;;;;;;PUNC;,;PUNC
9671;16;;;CONJ;;+;;;;;;;CONJ;;CONJ
9672;17;;;SPRO pl 1p - nom;;+;;;;;;;SPRO;;SPRO pl 1p - nom
9673;18;;;PART;;+;;;;;;;PART;;PART
9674;19;;;V tran ipf praes pl indic act - 1p;;+;;;;;;;V;;V ipf praes pl indic - 1p
9675;20;;;S f inan acc sg;;+;;;;;;;S;;S f inan acc sg
9676;21;;;S f inan gen sg;;+;;;;;;;S;;S f inan gen sg
9677;22;;;S m anim gen sg;;+;;;;;;;S;;S m anim gen sg
9678;23;.;.;SENT;;+;;;;;;;SENT;.;SENT
9679;;;;;;+;;;;;;;;;
9680;1;;;V tran ipf praes sg indic act - 2p;;+;;;;;;;V;;V ipf praes sg indic - 2p
9681;2;;;ADV -;;+;;;;;;;ADV;;ADV -
9682;3;;;S m inan acc sg;;+;;;;;;;S;;S m inan acc sg
9683;4;;;APRO m sg acc;;+;;;;;;;A;;A - gen sg plen f -
9684;5;-;-;PUNC;;+;;;;;;;PUNC;-;PUNC
9685;6;;;APRO m sg acc;distort;+;;;;;;;S;;S f inan nom sg
9686;7;;;CONJ;;+;;;;;;;CONJ;;CONJ
9687;8;;;V intr ipf praes sg indic act - 2p;;+;;;;;;;V;;V ipf praes sg indic - 2p
9688;9;:;:;PUNC;;+;;;;;;;PUNC;:;PUNC
9689;10;;;S m anim voc sg;;+;;;;;;;S;;S m anim voc sg
9690;11;;;PART;;+;;;;;;;PART;;PART
9691;12;;;SPRO sg 2p - nom;;+;;;;;;;SPRO;;SPRO sg 2p - nom
9692;13;;;A - nom sg plen m -;;+;;;;;;;A;;A - nom sg plen m -
9693;14;,;,;PUNC;;+;;;;;;;PUNC;,;PUNC
9694;15;;;PR;;+;;;;;;;PR;;PR
9695;16;;;S m anim gen pl;;+;;;;;;;S;;S m anim gen pl
9696;17;;;S m inan nom sg;;+;;;;;;;S;;S m inan nom sg
9697;18;,;,;PUNC;;+;;;;;;;PUNC;,;PUNC
9698;19;;;CONJ;;+;;;;;;;CONJ;;CONJ
9699;20;;;SPRO pl - - nom 3p;;+;;;;;;;SPRO;;SPRO pl - - nom
9700;21;;;SPRO pl 1p - dat;;+;;;;;;;SPRO;;SPRO pl 1p - dat
9701;22;;;V tran ipf praes pl indic act - 3p;;+;;;;;;;V;;V ipf praes pl indic - 3p
9702;23;;;A - acc pl plen - inan;;+;;;;;;;A;;A - acc pl plen - inan
9703;24;;;S m inan acc pl;;+;;;;;;;S;;S m inan acc pl
9704;25;.;.;SENT;;+;;;;;;;SENT;.;SENT
9705;;;;;;+;;;;;;;;;
9706;1;;;CONJ;;+;;;;;;;CONJ;;CONJ
9707;2;;;SPRO n sg nom;;+;;;;;;;S;;S n - nom sg
9708;3;?;?;SENT;;+;;;;;;;SENT;?;SENT
9709;;;;;;+;;;;;;;;;
9710;1;;;ADV comp;;+;;;;;;;ADV;;ADV comp
9711;2;;;SPRO pl 1p - nom;;+;;;;;;;SPRO;;SPRO pl 1p - nom
9712;3;;;PART;;+;;;;;;;PART;;PART
9713;4;;;V intr ipf praet pl indic act - -;;+;;;;;;;V;;V ipf praet pl indic - -
9714;5;;;PART;;+;;;;;;;PART;;PART
9715;6;;;ADV -;;+;;;;;;;ADV;;ADV -
9716;7;-;-;PUNC;;+;;;;;;;PUNC;-;PUNC
9717;8;;;CONJ;;+;;;;;;;CONJ;;CONJ
9718;9;;;ADV -;;+;;;;;;;ADV;;ADV -
9719;10;,;,;PUNC;;+;;;;;;;PUNC;,;PUNC
9720;11;;;CONJ;;+;;;;;;;CONJ;;CONJ
9721;12;;;S m inan nom pl;;+;;;;;;;S;;S m inan acc pl
9722;13;;;V intr ipf praet pl indic act -;;+;;;;;;;V;;V ipf praet pl indic - -
9723;14;;;PR;;+;;;;;;;PR;;PR
9724;15;;;S m inan loc pl;;+;;;;;;;S;;S m inan loc pl
9725;16;;;CONJ;;+;;;;;;;CONJ;;CONJ
9726;17;;;PR;;+;;;;;;;PR;;PR
9727;18;;;S m inan loc pl;;+;;;;;;;S;;S m inan loc pl
9728;19;;;A - acc pl plen - inan;;+;;;;;;;A;;A - acc pl plen - inan
9729;20;,;,;PUNC;;+;;;;;;;PUNC;,;PUNC
9730;21;;;CONJ;;+;;;;;;;CONJ;;CONJ
9731;22;;;S n inan gen sg;;+;;;;;;;S;;S n inan gen sg
9732;23;;;V intr ipf praet pl indic act -;;+;;;;;;;V;;V ipf praet pl indic - -
9733;24;;;A - nom pl plen - -;;+;;;;;;;A;;A - nom pl plen - -
9734;25;,;,;PUNC;;+;;;;;;;PUNC;,;PUNC
9735;26;;;CONJ;;+;;;;;;;CONJ;;CONJ
9736;27;;;S f inan acc sg;;+;;;;;;;S;;S f inan acc sg
9737;28;;;V tran ipf praet pl indic act - -;;+;;;;;;;V;;V ipf praet pl indic - -
9738;29;;;ADV comp;;+;;;;;;;ADV;;ADV comp
9739;30;,;,;PUNC;;+;;;;;;;PUNC;,;PUNC
9740;31;;;V tran ipf praet pl indic act - -;;+;;;;;;;V;;V ipf praet pl indic - -
9741;32;;;PR;;+;;;;;;;PR;;PR
9742;33;;;S f inan acc sg;;+;;;;;;;S;;S f inan gen sg
9743;34;;;S n sg acc;;+;;;;;;;A;;A - nom sg plen n -
9744;35;;;PR;;+;;;;;;;PR;;PR
9745;36;;;A - loc sg plen m -;;+;;;;;;;A;;A - loc sg plen m -
9746;37;;;S m inan loc sg;;+;;;;;;;S;;S m inan loc sg
9747;38;;;S n inan gen sg;;+;;;;;;;S;;S n inan gen sg
9748;39;.;.;SENT;;+;;;;;;;SENT;.;SENT
9749;;;;;;+;;;;;;;;;
9750;1;;;V tran ipf praes sg indic act - 2p;;+;;;;;;;V;;V ipf praes sg indic - 2p
9751;2;;;ADV -;;+;;;;;;;ADV;;ADV -
9752;3;;;APRO pl acc;;+;;;;;;;A;;A - nom pl plen - -
9753;4;;;S m inan acc pl;;+;;;;;;;S;;S m inan nom pl
9754;5;;;CONJ;;+;;;;;;;CONJ;;CONJ
9755;6;;;V intr ipf praes sg indic act - 2p;;+;;;;;;;V;;V ipf praes sg indic - 2p
9756;7;:;:;PUNC;;+;;;;;;;PUNC;:;PUNC
9757;8;;;S m anim voc sg;;+;;;;;;;S;;S m anim voc sg
9758;9;;;PART;;+;;;;;;;PART;;PART
9759;10;;;SPRO sg 2p - nom;;+;;;;;;;SPRO;;SPRO sg 2p - nom
9760;11;;;A - nom sg plen m -;;+;;;;;;;A;;A - nom sg plen m -
9761;12;,;,;PUNC;;+;;;;;;;PUNC;,;PUNC
9762;13;;;CONJ;;+;;;;;;;CONJ;;CONJ
9763;14;;;SPRO pl - - nom 3p;;+;;;;;;;SPRO;;SPRO pl - - nom
9764;15;;;V intr ipf praet pl indic act - -;;+;;;;;;;V;;V ipf praet pl indic - -
9765;16;;;ADV -;;+;;;;;;;ADV;;ADV -
9766;17;,;,;PUNC;;+;;;;;;;PUNC;,;PUNC
9767;18;;;PR;;+;;;;;;;PR;;PR
9768;19;;;A - loc sg plen f -;;+;;;;;;;A;;A - loc sg plen f -
9769;20;;;S f inan loc sg;;+;;;;;;;S;;S f inan loc sg
9770;21;;;A - loc sg plen f -;;+;;;;;;;A;;A - gen sg plen f -
9771;22;,;,;PUNC;;+;;;;;;;PUNC;,;PUNC
9772;23;;;A - loc sg plen f -;;+;;;;;;;A;;A - gen sg plen f -
9773;24;,;,;PUNC;;+;;;;;;;PUNC;,;PUNC
9774;25;;;V tran ipf - - inf act - -;;+;;;;;;;V;;V ipf - - inf - -
9775;26;;;A - acc pl plen - -;;+;;;;;;;A;;A - nom pl plen - -
9776;27;;;S m inan acc pl;;+;;;;;;;S;;S m inan nom pl
9777;28;,;,;PUNC;;+;;;;;;;PUNC;,;PUNC
9778;29;;;PR;;+;;;;;;;PR;;PR
9779;30;;;A - ins pl plen - -;;+;;;;;;;A;;A - ins pl plen - -
9780;31;;;S n inan ins pl;;+;;;;;;;S;;S n inan ins pl
9781;32;,;,;PUNC;;+;;;;;;;PUNC;,;PUNC
9782;33;;;PR;;+;;;;;;;PR;;PR
9783;34;-;-;PUNC;;+;;;;;;;PUNC;-;PUNC
9784;35;;;PR;;+;;;;;;;PR;;PR
9785;36;;;A - ins pl plen - -;;+;;;;;;;A;;A - ins pl plen - -
9786;37;;;S f inan ins pl;;+;;;;;;;S;;S f inan ins pl
9787;38;.;.;SENT;;+;;;;;;;SENT;.;SENT
9788;;;;;;+;;;;;;;;;
9789;1;;;INTJ;;+;;;;;;;PART;;PART
9790;2;,;,;PUNC;;+;;;;;;;PUNC;,;PUNC
9791;3;;;PART;;+;;;;;;;PART;;PART
9792;4;,;,;PUNC;;+;;;;;;;PUNC;,;PUNC
9793;5;;;PART;;+;;;;;;;PART;;PART
9794;6;,;,;PUNC;;+;;;;;;;PUNC;,;PUNC
9795;7;;;ADV -;;+;;;;;;;ADV;;ADV -
9796;8;,;,;PUNC;;+;;;;;;;PUNC;,;PUNC
9797;9;;;A - nom sg plen n -;;+;;;;;;;A;;A - nom sg plen n -
9798;10;;;S n inan nom sg;;+;;;;;;;S;;S n inan nom sg
9799;11;;;V tran ipf praes sg indic act - 3p;;+;;;;;;;V;;V ipf praes sg indic - 3p
9800;12;;;V intr ipf - - inf act - -;;+;;;;;;;V;;V ipf - - inf - -
9801;13;,;,;PUNC;;+;;;;;;;PUNC;,;PUNC
9802;14;;;S m inan acc sg;;+;;;;;;;S;;S m inan acc sg
9803;15;;;V intr ipf praes sg indic med - 3p;;+;;;;;;;V;;V ipf praes sg indic - 3p
9804;16;.;.;SENT;;+;;;;;;;SENT;.;SENT
9805;;;;;;+;;;;;;;;;
9806;1;;;A supr nom sg plen n -;;+;;;;;;;A;;A supr nom sg plen n -
9807;2;;;S m anim nom sg;;+;;;;;;;S;;S m anim nom sg
9808;3;;;A - gen sg plen n -;;+;;;;;;;A;;A - gen sg plen n -
9809;4;.;.;SENT;;+;;;;;;;SENT;.;SENT
9810;;;;;;+;;;;;;;;;
9811;1;;;INTJ;;+;;;;;;;PART;;PART
9812;2;,;,;PUNC;;+;;;;;;;PUNC;,;PUNC
9813;3;;;ADV -;;+;;;;;;;ADV;;ADV -
9814;4;;;V tran pf - - inf act - -;;+;;;;;;;V;;V pf - - inf - -
9815;5;;;SPRO n sg acc;;+;;;;;;;A;;A - nom pl plen - -
9816;6;;;SPRO n sg acc;;+;;;;;;;S;;S n - nom sg
9817;7;;;SPRO n sg ins;;+;;;;;;;S;;S n - ins sg
9818;8;,;,;PUNC;;+;;;;;;;PUNC;,;PUNC
9819;9;;;CONJ;;+;;;;;;;CONJ;;CONJ
9820;10;;;SPRO sg 1p - nom;;+;;;;;;;SPRO;;SPRO sg 1p - nom
9821;11;;;CONJ;;+;;;;;;;CONJ;;CONJ
9822;12;;;V tran pf praet sg indic act f -;;+;;;;;;;V;;V pf praet sg indic f -
9823;13;:;:;PUNC;;+;;;;;;;PUNC;:;PUNC
9824;14;;;S m inan nom sg;;+;;;;;;;S;;S m inan acc sg
9825;15;.;.;SENT;;+;;;;;;;SENT;.;SENT
9826;;;;;;+;;;;;;;;;
9827;1;;;PRAEDIC;;+;;;;;;;ADV;;ADV -
9828;2;.;.;SENT;;+;;;;;;;SENT;.;SENT
9829;;;;;;+;;;;;;;;;
9830;1;;;PART;;+;;;;;;;PART;;PART
9831;2;;;V tran ipf - - inf act - -;;+;;;;;;;V;;V ipf - - inf - -
9832;3;;;PRAEDICPRO;;+;;;;;;;ADV;;ADV -
9833;4;.;.;SENT;;+;;;;;;;SENT;.;SENT
9834;;;;;;+;;;;;;;;;
9835;1;;;CONJ;;+;;;;;;;CONJ;;CONJ
9836;2;;;S m anim dat sg;;+;;;;;;;S;;S m anim dat sg
9837;3;;;PART;;+;;;;;;;PART;;PART
9838;4;;;V tran ipf praes sg indic act - 3p;;+;;;;;;;V;;V ipf praes sg indic - 3p
9839;5;;;ADV -;;+;;;;;;;ADV;;ADV -
9840;6;;;SPRO n sg acc;;+;;;;;;;S;;S n - nom sg
9841;7;.;.;SENT;;+;;;;;;;SENT;.;SENT
9842;;;;;;+;;;;;;;;;
9843;1;;;PART;;+;;;;;;;PART;;PART
9844;2;;;A - nom sg plen n inan;;+;;;;;;;A;;A - acc sg plen n inan
9845;3;;;S n inan nom sg;;+;;;;;;;S;;S n inan acc sg
9846;4;;;A - - sg brev n -;;+;;;;;;;A;;A - - sg brev n -
9847;5;;;ADV -;;+;;;;;;;ADV;;ADV -
9848;6;;;SPRO n sg ins 3p;;+;;;;;;;CONJ;;CONJ
9849;7;.;.;SENT;;+;;;;;;;SENT;.;SENT
