ï»¿;#;FORM;LEMMA;GRAM;COMMENT;CHECKED;RIGHT1;RIGHT2;RIGHT3;RIGHT4;RIGHT5;RIGHT6;POS;AUTO_LEMMA;AUTO_GRAM 
8939;#doc=cinematograph.2.txt;;;;;;;;;;;;;;
8940;1;Ëþäìèëà;ËÞÄÌÈËÀ;S persn f anim nom sg;;+;à;ë;è;ì;ä;þ;S;ËÞÄÌÈËÀ;S f anim nom sg
8941;2;@;@;PUNC;;+;;;;;;;PUNC;@;PUNC
8942;3;:;:;PUNC;;+;;;;;;;PUNC;:;PUNC
8943;4;Íà÷èíàòü;ÍÀ×ÈÍÀÒÜ;V tran ipf inf act;;+;ü;ò;à;í;è;÷;V;ÍÀ×ÈÍÀÒÜ;V ipf - - inf - -
8944;5;?;?;SENT;;+;;;;;;;SENT;?;SENT
8945;;;;;;+;;;;;;;;;
8946;1;Êõì;ÊÕÌ;INTJ;;+;ì;õ;ê;;;;NONLEX;ÊÕÌ;NONLEX
8947;2;.;.;SENT;;+;;;;;;;SENT;.;SENT
8948;;;;;;+;;;;;;;;;
8949;1;Õî÷ó;ÕÎÒÅÒÜ;V tran ipf praes sg indic act - 1p;;+;ó;÷;î;õ;;;V;ÕÎÒÅÒÜ;V ipf praes sg indic - 1p
8950;2;ïîãîâîðèòü;ÏÎÃÎÂÎÐÈÒÜ;V intr pf inf indic;;+;ü;ò;è;ð;î;â;V;ÏÎÃÎÂÎÐÈÒÜ;V pf - - inf - -
8951;3;î;Î;PR;;+;î;;;;;;PR;Î;PR
8952;4;êèíî;ÊÈÍÎ;S n inan 0 sg loc;;+;î;í;è;ê;;;S;ÊÈÍÎ;S n inan nonflex nonflex
8953;5;,;,;PUNC;;+;;;;;;;PUNC;,;PUNC
8954;6;äàæå;ÄÀÆÅ;PART;;+;å;æ;à;ä;;;PART;ÄÀÆÅ;PART
8955;7;íå;ÍÅ;PART;;+;å;í;;;;;PART;ÍÅ;PART
8956;8;ñòîëüêî;ÑÒÎËÜÊÎ;ADV;;+;î;ê;ü;ë;î;ò;NUM;ÑÒÎËÜÊÎ;NUM acc - -
8957;9;î;Î;PR;;+;î;;;;;;PR;Î;PR
8958;10;êèíî;ÊÈÍÎ;S n inan 0 sg loc;;+;î;í;è;ê;;;S;ÊÈÍÎ;S n inan nonflex nonflex
8959;11;,;,;PUNC;;+;;;;;;;PUNC;,;PUNC
8960;12;à;À;CONJ;;+;à;;;;;;CONJ;À;CONJ
8961;13;ñêîëüêî;ÑÊÎËÜÊÎ;ADV;;+;î;ê;ü;ë;î;ê;ADV;ÑÊÎËÜÊÎ;ADV -
8962;14;,;,;PUNC;;+;;;;;;;PUNC;,;PUNC
8963;15;ýìì;ÝÌ;INTJ;;+;ì;ì;ý;;;;S;ÝÌÌÀ;S f anim acc pl
8964;16;,;,;PUNC;;+;;;;;;;PUNC;,;PUNC
8965;17;îò...;ÎÒ...;PR;distort;+;;;;ò;î;;PR;ÎÒ...;PR
8966;18;îé;ÎÉ;INTJ;;+;é;î;;;;;INTJ;ÎÉ;INTJ
8967;19;,;,;PUNC;;+;;;;;;;PUNC;,;PUNC
8968;20;î;Î;PR;;+;î;;;;;;PR;Î;PR
8969;21;ñâî¸ì;ÑÂÎÉ;APRO loc sg n;;+;ì;¸;î;â;ñ;;A;ÑÂÎÉ;A - loc sg plen n -
8970;22;óâëå÷åíèè;ÓÂËÅ×ÅÍÈÅ;S n inan loc sg;;+;è;è;í;å;÷;å;S;ÓÂËÅ×ÅÍÈÅ;S n inan loc sg
8971;23;â;Â;PR;;+;â;;;;;;PR;Â;PR
8972;24;äåòñòâå;ÄÅÒÑÒÂÎ;S n inan loc sg;;+;å;â;ò;ñ;ò;å;S;ÄÅÒÑÒÂÎ;S n inan loc sg
8973;25;,;,;PUNC;;+;;;;;;;PUNC;,;PUNC
8974;26;ýýý;Ý;INTJ;;+;ý;ý;ý;;;;NONLEX;ÝÝÝ;NONLEX
8975;27;,;,;PUNC;;+;;;;;;;PUNC;,;PUNC
8976;28;àðòèñòàìè;ÀÐÒÈÑÒ;S m anim ins pl;;+;è;ì;à;ò;ñ;è;S;ÀÐÒÈÑÒ;S m anim ins pl
8977;29;.;.;SENT;;+;;;;;;;SENT;.;SENT
8978;;;;;;+;;;;;;;;;
8979;1;Âîîáùå;ÂÎÎÁÙÅ;PARENTH ;;+;å;ù;á;î;î;â;ADV;ÂÎÎÁÙÅ;ADV -
8980;2;,;,;PUNC;;+;;;;;;;PUNC;,;PUNC
8981;3;â;Â;PR;;+;â;;;;;;PR;Â;PR
8982;4;êèíî;ÊÈÍÎ;S n inan 0 sg loc;;+;î;í;è;ê;;;S;ÊÈÍÎ;S n inan nonflex nonflex
8983;5;ÿ;ß;SPRO sg 1p - nom;;+;ÿ;;;;;;SPRO;ß;SPRO sg 1p - nom
8984;6;î÷åíü;Î×ÅÍÜ;ADV -;;+;ü;í;å;÷;î;;ADV;Î×ÅÍÜ;ADV -
8985;7;ëþáèëà;ËÞÁÈÒÜ;V tran ipf praet sg indic act f;;+;à;ë;è;á;þ;ë;V;ËÞÁÈÒÜ;V ipf praet sg indic f -
8986;8;õîäèòü;ÕÎÄÈÒÜ;V intr ipf inf indic;;+;ü;ò;è;ä;î;õ;V;ÕÎÄÈÒÜ;V ipf - - inf - -
8987;9;,;,;PUNC;;+;;;;;;;PUNC;,;PUNC
8988;10;î÷åíü;Î×ÅÍÜ;ADV -;;+;ü;í;å;÷;î;;ADV;Î×ÅÍÜ;ADV -
8989;11;ëþáèëà;ËÞÁÈÒÜ;V tran ipf praet sg indic act f;;+;à;ë;è;á;þ;ë;V;ËÞÁÈÒÜ;V ipf praet sg indic f -
8990;12;ñìîòðåòü;ÑÌÎÒÐÅÒÜ;V tran ipf inf indic;;+;ü;ò;å;ð;ò;î;V;ÑÌÎÒÐÅÒÜ;V ipf - - inf - -
8991;13;ôèëüìû;ÔÈËÜÌ;S m inan acc pl;;+;û;ì;ü;ë;è;ô;S;ÔÈËÜÌ;S m inan acc pl
8992;14;,;,;PUNC;;+;;;;;;;PUNC;,;PUNC
8993;15;íî;ÍÎ;CONJ;;+;î;í;;;;;CONJ;ÍÎ;CONJ
8994;16;îñîáî;ÎÑÎÁÎ;ADV -;;+;î;á;î;ñ;î;;ADV;ÎÑÎÁÎ;ADV -
8995;17;ïî;ÏÎ;PR;;+;î;ï;;;;;PR;ÏÎ;PR
8996;18;òåëåâèçîðó;ÒÅËÅÂÈÇÎÐ;S m inan dat sg;;+;ó;ð;î;ç;è;â;S;ÒÅËÅÂÈÇÎÐ;S m inan dat sg
8997;19;ðàíüøå;ÐÀÍÎ;ADV comp;;+;å;ø;ü;í;à;ð;ADV;ÐÀÍÎ;ADV comp
8998;20;íè÷åãî;ÍÈ×ÒÎ;SPRO n sg gen;;+;î;ã;å;÷;è;í;S;ÍÈ×ÒÎ;S n - gen sg
8999;21;èíòåðåñíîãî;ÈÍÒÅÐÅÑÍÛÉ;A - gen sg plen n -;;+;î;ã;î;í;ñ;å;A;ÈÍÒÅÐÅÑÍÛÉ;A - gen sg plen n -
9000;22;òàêîãî;ÒÀÊÎÉ;APRO n sg gen;;+;î;ã;î;ê;à;ò;A;ÒÀÊÎÉ;A - gen sg plen n -
9001;23;íå;ÍÅ;PART;;+;å;í;;;;;PART;ÍÅ;PART
9002;24;ïîêàçûâàëè;ÏÎÊÀÇÛÂÀÒÜ;V tran ipf praet pl indic - -;;+;è;ë;à;â;û;ç;V;ÏÎÊÀÇÛÂÀÒÜ;V ipf praet pl indic - -
9003;25;-;-;PUNC;;+;;;;;;;PUNC;-;PUNC
9004;26;êëàññèêó;ÊËÀÑÑÈÊÀ;S f inan acc sg;;+;ó;ê;è;ñ;ñ;à;S;ÊËÀÑÑÈÊÀ;S f inan acc sg
9005;27;,;,;PUNC;;+;;;;;;;PUNC;,;PUNC
9006;28;êîòîðóþ;ÊÎÒÎÐÛÉ;APRO acc sg f;;+;þ;ó;ð;î;ò;î;A;ÊÎÒÎÐÛÉ;A - acc sg plen f -
9007;29;ïðîõîäèëè;ÏÐÎÕÎÄÈÒÜ;V tran ipf praet pl indic act - -;;+;è;ë;è;ä;î;õ;V;ÏÐÎÕÎÄÈÒÜ;V ipf praet pl indic - -
9008;30;â;Â;PR;;+;â;;;;;;PR;Â;PR
9009;31;øêîëå;ØÊÎËÀ;S f inan loc sg;;+;å;ë;î;ê;ø;;S;ØÊÎËÀ;S f inan loc sg
9010;32;.;.;SENT;;+;;;;;;;SENT;.;SENT
9011;;;;;;+;;;;;;;;;
9012;1;Íî;ÍÎ;CONJ;;+;î;í;;;;;CONJ;ÍÎ;CONJ
9013;2;,;,;PUNC;;+;;;;;;;PUNC;,;PUNC
9014;3;òåì íå ìåíåå;òåì íå ìåíåå;ZERO;;+;å;å;í;å;ì; ;-;òåì íå ìåíåå;-
9015;4;,;,;PUNC;;+;;;;;;;PUNC;,;PUNC
9016;5;àðòèñòû;ÀÐÒÈÑÒ;S m anim nom pl;;+;û;ò;ñ;è;ò;ð;S;ÀÐÒÈÑÒ;S m anim nom pl
9017;6;,;,;PUNC;;+;;;;;;;PUNC;,;PUNC
9018;7;êîòîðûå;ÊÎÒÎÐÛÉ;APRO nom pl;;+;å;û;ð;î;ò;î;A;ÊÎÒÎÐÛÉ;A - nom pl plen - -
9019;8;ñíèìàëèñü;ÑÍÈÌÀÒÜÑß;V intr ipf praet pl indic med -;;+;ü;ñ;è;ë;à;ì;V;ÑÍÈÌÀÒÜÑß;V ipf praet pl indic - -
9020;9;,;,;PUNC;;+;;;;;;;PUNC;,;PUNC
9021;10;ýýý;Ý;INTJ;;+;ý;ý;ý;;;;NONLEX;ÝÝÝ;NONLEX
9022;11;,;,;PUNC;;+;;;;;;;PUNC;,;PUNC
9023;12;â;Â;PR;;+;â;;;;;;PR;Â;PR
9024;13;ôèëüìàõ;ÔÈËÜÌ;S m inan loc pl;;+;õ;à;ì;ü;ë;è;S;ÔÈËÜÌ;S m inan loc pl
9025;14;,;,;PUNC;;+;;;;;;;PUNC;,;PUNC
9026;15;íàøè;ÍÀØ;APRO pl nom;;+;è;ø;à;í;;;A;ÍÀØ;A - nom pl plen - -
9027;16;,;,;PUNC;;+;;;;;;;PUNC;,;PUNC
9028;17;ñîâåòñêèå;ÑÎÂÅÒÑÊÈÉ;A - nom pl plen - -;;+;å;è;ê;ñ;ò;å;A;ÑÎÂÅÒÑÊÈÉ;A - nom pl plen - -
9029;18;àðòèñòû;ÀÐÒÈÑÒ;S m anim nom pl;;+;û;ò;ñ;è;ò;ð;S;ÀÐÒÈÑÒ;S m anim nom pl
9030;19;,;,;PUNC;;+;;;;;;;PUNC;,;PUNC
9031;20;îíè;ÎÍÈ;SPRO pl 3p - nom;;+;è;í;î;;;;SPRO;ÎÍÈ;SPRO pl - - nom
9032;21;áûëè;ÁÛÒÜ;V intr ipf praet pl indic act -;;+;è;ë;û;á;;;V;ÁÛÒÜ;V ipf praet pl indic - -
9033;22;òàêèå;ÒÀÊÎÉ;APRO pl nom;;+;å;è;ê;à;ò;;A;ÒÀÊÎÉ;A - nom pl plen - -
9034;23;êðàñèâûå;ÊÐÀÑÈÂÛÉ;A - nom pl plen - -;;+;å;û;â;è;ñ;à;A;ÊÐÀÑÈÂÛÉ;A - nom pl plen - -
9035;24;.;.;SENT;;+;;;;;;;SENT;.;SENT
9036;;;;;;+;;;;;;;;;
9037;1;È;È;CONJ;;+;è;;;;;;CONJ;È;CONJ
9038;2;âñå;ÂÑÅ;SPRO pl nom;;+;å;ñ;â;;;;S;ÂÑÅ;S - - nom pl
9039;3;â;Â;PR;;+;â;;;;;;PR;Â;PR
9040;4;ìî¸ì;ÌÎÉ;APRO sg n loc;;+;ì;¸;î;ì;;;A;ÌÎÉ;A - loc sg plen n -
9041;5;îêðóæåíèè;ÎÊÐÓÆÅÍÈÅ;S n inan loc sg;;+;è;è;í;å;æ;ó;S;ÎÊÐÓÆÅÍÈÅ;S n inan loc sg
9042;6;,;,;PUNC;;+;;;;;;;PUNC;,;PUNC
9043;7;íó;ÍÓ;INTJ;;+;ó;í;;;;;PART;ÍÓ;PART
9044;8;,;,;PUNC;;+;;;;;;;PUNC;,;PUNC
9045;9;ìíîãèå;ÌÍÎÃÈÅ;SPRO pl nom;;+;å;è;ã;î;í;ì;S;ÌÍÎÃÈÅ;S - - nom pl
9046;10;ïî êðàéíåé ìåðå;ïî êðàéíåé ìåðå;ZERO;;+;å;ð;å;ì; ;é;-;ïî êðàéíåé ìåðå;-
9047;11;,;,;PUNC;;+;;;;;;;PUNC;,;PUNC
9048;12;óâëåêàëèñü;ÓÂËÅÊÀÒÜÑß;V intr ipf praet pl indic med -;;+;ü;ñ;è;ë;à;ê;V;ÓÂËÅÊÀÒÜÑß;V ipf praet pl indic - -
9049;13;ñáîðîì;ÑÁÎÐ;S m inan ins sg;;+;ì;î;ð;î;á;ñ;S;ÑÁÎÐ;S m inan ins sg
9050;14;ôîòîãðàôèé;ÔÎÒÎÃÐÀÔÈß;S f inan gen pl;;+;é;è;ô;à;ð;ã;S;ÔÎÒÎÃÐÀÔÈß;S f inan gen pl
9051;15;àðòèñòîâ;ÀÐÒÈÑÒ;S m anim gen pl;;+;â;î;ò;ñ;è;ò;S;ÀÐÒÈÑÒ;S m anim gen pl
9052;16;,;,;PUNC;;+;;;;;;;PUNC;,;PUNC
9053;17;ïîòîìó ÷òî;ïîòîìó ÷òî;ZERO;;+;î;ò;÷; ;ó;ì;ZERO;ïîòîìó ÷òî;ZERO
9054;18;ìû;ÌÛ;SPRO pl 1p - nom;;+;û;ì;;;;;SPRO;ÌÛ;SPRO pl 1p - nom
9055;19;âñå;ÂÑÅ;SPRO pl nom;;+;å;ñ;â;;;;S;ÂÑÅ;S - - acc pl
9056;20;áûëè;ÁÛÒÜ;V intr ipf praet pl indic act -;;+;è;ë;û;á;;;V;ÁÛÒÜ;V ipf praet pl indic - -
9057;21;â;Â;PR;;+;â;;;;;;PR;Â;PR
9058;22;íèõ;ÎÍÈ;SPRO pl 3p - loc;;+;õ;è;í;;;;SPRO;ÎÍÈ;SPRO pl - - loc
9059;23;âëþáëåíû;ÂËÞÁÈÒÜ;PARTCP tran pf pass praet pl brev;;+;û;í;å;ë;á;þ;A;ÂËÞÁËÅÍÍÛÉ;A - - pl brev - -
9060;24;:;:;PUNC;;+;;;;;;;PUNC;:;PUNC
9061;25;â;Â;PR;;+;â;;;;;;PR;Â;PR
9062;26;ìóæ÷èí;ÌÓÆ×ÈÍÀ;S m anim gen pl;;+;í;è;÷;æ;ó;ì;S;ÌÓÆ×ÈÍÀ;S m anim gen pl
9063;27;,;,;PUNC;;+;;;;;;;PUNC;,;PUNC
9064;28;â;Â;PR;;+;â;;;;;;PR;Â;PR
9065;29;æåíùèí;ÆÅÍÙÈÍÀ;S f anim gen pl;;+;í;è;ù;í;å;æ;S;ÆÅÍÙÈÍÀ;S f anim gen pl
9066;30;,;,;PUNC;;+;;;;;;;PUNC;,;PUNC
9067;31;îíè;ÎÍÈ;SPRO pl 3p - nom;;+;è;í;î;;;;SPRO;ÎÍÈ;SPRO pl - - nom
9068;32;áûëè;ÁÛÒÜ;V intr ipf praet pl indic act -;;+;è;ë;û;á;;;V;ÁÛÒÜ;V ipf praet pl indic - -
9069;33;äåéñòâèòåëüíî;ÄÅÉÑÒÂÈÒÅËÜÍÎ;ADV -;;+;î;í;ü;ë;å;ò;ADV;ÄÅÉÑÒÂÈÒÅËÜÍÎ;ADV -
9070;34;î÷åíü;Î×ÅÍÜ;ADV -;;+;ü;í;å;÷;î;;ADV;Î×ÅÍÜ;ADV -
9071;35;êðàñèâûìè;ÊÐÀÑÈÂÛÉ;A - ins pl plen - -;;+;è;ì;û;â;è;ñ;A;ÊÐÀÑÈÂÛÉ;A - ins pl plen - -
9072;36;.;.;SENT;;+;;;;;;;SENT;.;SENT
9073;;;;;;+;;;;;;;;;
9074;1;È;È;CONJ;;+;è;;;;;;CONJ;È;CONJ
9075;2;ÿ;ß;SPRO sg 1p - nom;;+;ÿ;;;;;;SPRO;ß;SPRO sg 1p - nom
9076;3;òîæå;ÒÎÆÅ;PART;;+;å;æ;î;ò;;;PART;ÒÎÆÅ;PART
9077;4;óâëåêàëàñü;ÓÂËÅÊÀÒÜÑß;V intr ipf praet sg indic med f;;+;ü;ñ;à;ë;à;ê;V;ÓÂËÅÊÀÒÜÑß;V ipf praet sg indic f -
9078;5;,;,;PUNC;;+;;;;;;;PUNC;,;PUNC
9079;6;êîíå÷íî;ÊÎÍÅ×ÍÎ;PARENTH ;;+;î;í;÷;å;í;î;ADV;ÊÎÍÅ×ÍÎ;ADV -
9080;7;æå;ÆÅ;PART;;+;å;æ;;;;;PART;ÆÅ;PART
9081;8;,;,;PUNC;;+;;;;;;;PUNC;,;PUNC
9082;9;ñîáèðàëà;ÑÎÁÈÐÀÒÜ;V tran ipf praet sg indic act f -;;+;à;ë;à;ð;è;á;V;ÑÎÁÈÐÀÒÜ;V ipf praet sg indic f -
9083;10;ôîòîãðàôèè;ÔÎÒÎÃÐÀÔÈß;S f inan acc pl;;+;è;è;ô;à;ð;ã;S;ÔÎÒÎÃÐÀÔÈß;S f inan acc pl
9084;11;àðòèñòîâ;ÀÐÒÈÑÒ;S m anim gen pl;;+;â;î;ò;ñ;è;ò;S;ÀÐÒÈÑÒ;S m anim gen pl
9085;12;,;,;PUNC;;+;;;;;;;PUNC;,;PUNC
9086;13;íåêîòîðûìè;ÍÅÊÎÒÎÐÛÉ;APRO pl ins;;+;è;ì;û;ð;î;ò;A;ÍÅÊÎÒÎÐÛÉ;A - ins pl plen - -
9087;14;îáìåíèâàëèñü;ÎÁÌÅÍÈÂÀÒÜÑß;V intr ipf praet pl indic med -;;+;ü;ñ;è;ë;à;â;V;ÎÁÌÅÍÈÂÀÒÜÑß;V ipf praet pl indic - -
9088;15;ñ;Ñ;PR;;+;ñ;;;;;;PR;Ñ;PR
9089;16;îäíîêëàññíèêàìè;ÎÄÍÎÊËÀÑÑÍÈÊ;S m anim ins pl;;+;è;ì;à;ê;è;í;S;ÎÄÍÎÊËÀÑÑÍÈÊ;S m anim ins pl
9090;17;,;,;PUNC;;+;;;;;;;PUNC;,;PUNC
9091;18;ïîòîìó ÷òî;ïîòîìó ÷òî;ZERO;;+;î;ò;÷; ;ó;ì;ZERO;ïîòîìó ÷òî;ZERO
9092;19;áûëè;ÁÛÒÜ;V intr ipf praet pl indic act -;;+;è;ë;û;á;;;V;ÁÛÒÜ;V ipf praet pl indic - -
9093;20;îäèíàêîâûå;ÎÄÈÍÀÊÎÂÛÉ;A - nom pl plen - -;;+;å;û;â;î;ê;à;A;ÎÄÈÍÀÊÎÂÛÉ;A - nom pl plen - -
9094;21;.;.;SENT;;+;;;;;;;SENT;.;SENT
9095;;;;;;+;;;;;;;;;
9096;1;Êòî-òî;ÊÒÎ-ÒÎ;SPRO anim m sg nom;;+;î;ò;;î;ò;ê;S;ÊÒÎ-ÒÎ;S m - nom sg
9097;2;óâëåêàëñÿ;ÓÂËÅÊÀÒÜÑß;V intr ipf praet sg indic med m;;+;ÿ;ñ;ë;à;ê;å;V;ÓÂËÅÊÀÒÜÑß;V ipf praet sg indic m -
9098;3;êîíêðåòíî;ÊÎÍÊÐÅÒÍÎ;ADV -;;+;î;í;ò;å;ð;ê;ADV;ÊÎÍÊÐÅÒÍÎ;ADV -
9099;4;èìåííî;ÈÌÅÍÍÎ;PART;;+;î;í;í;å;ì;è;PART;ÈÌÅÍÍÎ;PART
9100;5;,;,;PUNC;;+;;;;;;;PUNC;,;PUNC
9101;6;èìåííî;ÈÌÅÍÍÎ;PART;;+;î;í;í;å;ì;è;PART;ÈÌÅÍÍÎ;PART
9102;7;îäíèì;ÎÄÈÍ;APRO m sg ins;;+;ì;è;í;ä;î;;A;ÎÄÈÍ;A - ins sg plen m -
9103;8;àðòèñòîì;ÀÐÒÈÑÒ;S m anim ins sg;;+;ì;î;ò;ñ;è;ò;S;ÀÐÒÈÑÒ;S m anim ins sg
9104;9;è;È;CONJ;;+;è;;;;;;CONJ;È;CONJ
9105;10;ñîáèðàë;ÑÎÁÈÐÀÒÜ;V tran ipf praet sg indic act m;;+;ë;à;ð;è;á;î;V;ÑÎÁÈÐÀÒÜ;V ipf praet sg indic m -
9106;11;èõ;ÎÍÈ;SPRO pl 3p - acc;;+;õ;è;;;;;SPRO;ÎÍÈ;SPRO pl - - acc
9107;12;,;,;PUNC;;+;;;;;;;PUNC;,;PUNC
9108;13;ììì;ÌÌÌ;INTJ;;+;ì;ì;ì;;;;S;ÌÌÌ;S n inan loc sg
9109;14;,;,;PUNC;;+;;;;;;;PUNC;,;PUNC
9110;15;ôîòîãðàôèè;ÔÎÒÎÃÐÀÔÈß;S f inan nom pl;;+;è;è;ô;à;ð;ã;S;ÔÎÒÎÃÐÀÔÈß;S f inan nom pl
9111;16;,;,;PUNC;;+;;;;;;;PUNC;,;PUNC
9112;17;â;Â;PR;;+;â;;;;;;PR;Â;PR
9113;18;ëþáîì;ËÞÁÎÉ;APRO m sg loc;;+;ì;î;á;þ;ë;;A;ËÞÁÎÉ;A - loc sg plen m -
9114;19;âèäå;ÂÈÄ;S m inan loc sg;;+;å;ä;è;â;;;S;ÂÈÄ;S m inan loc sg
9115;20;,;,;PUNC;;+;;;;;;;PUNC;,;PUNC
9116;21;íó;ÍÓ;INTJ;;+;ó;í;;;;;PART;ÍÓ;PART
9117;22;ò;Ò;NONLEX;ñëèòíî;+;ò;;;;;;S;Ò;S - - nonflex nonflex
9118;23;-;-;PUNC;ñëèòíî;+;;;;;;;PUNC;-;PUNC
9119;24;òî åñòü;òî åñòü;ZERO;;+;ü;ò;ñ;å; ;î;-;òî åñòü;-
9120;25;ó;Ó;PR;;+;ó;;;;;;PR;Ó;PR
9121;26;êîãî-òî;ÊÒÎ-ÒÎ;SPRO m sg gen;;+;î;ò;;î;ã;î;S;ÊÒÎ-ÒÎ;S m - gen sg
9122;27;áûëà;ÁÛÒÜ;V intr ipf praet sg indic act f;;+;à;ë;û;á;;;V;ÁÛÒÜ;V ipf praet sg indic f -
9123;28;òàì;ÒÀÌ;PART;;+;ì;à;ò;;;;ADV;ÒÀÌ;ADV -
9124;29;÷¸ðíî-áåëàÿ;×ÅÐÍÎ-ÁÅËÛÉ;A - nom sg plen f -;;+;ÿ;à;ë;å;á;;A;×ÅÐÍÎ-ÁÅËÛÉ;A - nom sg plen m -
9125;30;,;,;PUNC;;+;;;;;;;PUNC;,;PUNC
9126;31;ó;Ó;PR;;+;ó;;;;;;PR;Ó;PR
9127;32;êîãî-òî;ÊÒÎ-ÒÎ;SPRO m sg gen;;+;î;ò;;î;ã;î;S;ÊÒÎ-ÒÎ;S m - gen sg
9128;33;áûëà;ÁÛÒÜ;V intr ipf praet sg indic act f;;+;à;ë;û;á;;;V;ÁÛÒÜ;V ipf praet sg indic f -
9129;34;â;Â;PR;;+;â;;;;;;PR;Â;PR
9130;35;êàêîì-òî;ÊÀÊÎÉ-ÒÎ;APRO n sg loc;;+;î;ò;;ì;î;ê;A;ÊÀÊÎÉ-ÒÎ;A - loc sg plen n -
9131;36;ïëàòüå;ÏËÀÒÜÅ;S n inan loc sg;;+;å;ü;ò;à;ë;ï;S;ÏËÀÒÜÅ;S n inan loc sg
9132;37;,;,;PUNC;;+;;;;;;;PUNC;,;PUNC
9133;38;ó;Ó;PR;;+;ó;;;;;;PR;Ó;PR
9134;39;êîãî-òî;ÊÒÎ-ÒÎ;SPRO m sg gen;;+;î;ò;;î;ã;î;S;ÊÒÎ-ÒÎ;S m - gen sg
9135;40;â;Â;PR;;+;â;;;;;;PR;Â;PR
9136;41;êàêîì-òî;ÊÀÊÎÉ-ÒÎ;APRO n sg loc;;+;î;ò;;ì;î;ê;A;ÊÀÊÎÉ-ÒÎ;A - loc sg plen m -
9137;42;êîñòþìå;ÊÎÑÒÞÌ;S m inan loc sg;;+;å;ì;þ;ò;ñ;î;S;ÊÎÑÒÞÌ;S m inan loc sg
9138;43;.;.;SENT;;+;;;;;;;SENT;.;SENT
9139;;;;;;+;;;;;;;;;
9140;1;Ê;Ê;PR;;+;ê;;;;;;PR;Ê;PR
9141;2;÷åìó;×ÒÎ;SPRO n sg dat;;+;ó;ì;å;÷;;;S;×ÒÎ;S n - dat sg
9142;3;ÿ;ß;SPRO sg 1p - nom;;+;ÿ;;;;;;SPRO;ß;SPRO sg 1p - nom
9143;4;âñ¸;ÂÅÑÜ;SPRO n sg acc;;+;¸;ñ;â;;;;A;ÂÅÑÜ;A - nom pl plen - -
9144;5;ýòî;ÝÒÎ;SPRO n sg acc;;+;î;ò;ý;;;;S;ÝÒÎ;S n - nom sg
9145;6;ãîâîðþ;ÃÎÂÎÐÈÒÜ;V tran ipf praes sg indic act- 1p;;+;þ;ð;î;â;î;ã;V;ÃÎÂÎÐÈÒÜ;V ipf praes sg indic - 1p
9146;7;?;?;SENT;;+;;;;;;;SENT;?;SENT
9147;;;;;;+;;;;;;;;;
9148;1;Ïðîñòî;ÏÐÎÑÒÎ;PART;;+;î;ò;ñ;î;ð;ï;PART;ÏÐÎÑÒÎ;PART
9149;2;âîò;ÂÎÒ;PART;;+;ò;î;â;;;;PART;ÂÎÒ;PART
9150;3;ñåé÷àñ;ÑÅÉ×ÀÑ;ADV -;;+;ñ;à;÷;é;å;ñ;ADV;ÑÅÉ×ÀÑ;ADV -
9151;4;âîò;ÂÎÒ;PART;;+;ò;î;â;;;;PART;ÂÎÒ;PART
9152;5;ó;Ó;PR;;+;ó;;;;;;PR;Ó;PR
9153;6;ìåíÿ;ß;SPRO sg 1p - gen;;+;ÿ;í;å;ì;;;SPRO;ß;SPRO sg 1p - acc
9154;7;åñòü;ÁÛÒÜ;V intr ipf praes sg indic act - 3p;;+;ü;ò;ñ;å;;;V;ÁÛÒÜ;V ipf praes sg indic - 3p
9155;8;âðåìÿ;ÂÐÅÌß;S n inan acc sg;;+;ÿ;ì;å;ð;â;;S;ÂÐÅÌß;S n inan acc sg
9156;9;ñìîòðåòü;ÑÌÎÒÐÅÒÜ;V tran ipf - - inf act - -;;+;ü;ò;å;ð;ò;î;V;ÑÌÎÒÐÅÒÜ;V ipf - - inf - -
9157;10;òåëåâèçîð;ÒÅËÅÂÈÇÎÐ;S m inan acc sg;;+;ð;î;ç;è;â;å;S;ÒÅËÅÂÈÇÎÐ;S m inan acc sg
9158;11;è;È;CONJ;;+;è;;;;;;CONJ;È;CONJ
9159;12;ÿ;ß;SPRO sg 1p - nom;;+;ÿ;;;;;;SPRO;ß;SPRO sg 1p - nom
9160;13;ñìîòðþ;ÑÌÎÒÐÅÒÜ;V tran ipf praes sg indic act - 1p;;+;þ;ð;ò;î;ì;ñ;V;ÑÌÎÒÐÅÒÜ;V ipf praes sg indic - 1p
9161;14;ôèëüìû;ÔÈËÜÌ;S m inan acc pl;;+;û;ì;ü;ë;è;ô;S;ÔÈËÜÌ;S m inan acc pl
9162;15;,;,;PUNC;;+;;;;;;;PUNC;,;PUNC
9163;16;â;Â;PARENTH;ñëèòíî;+;â;;;;;;PR;Â;PR
9164;17;îñíîâíîì;ÎÑÍÎÂÍÎÅ;PARENTH;;+;ì;î;í;â;î;í;S;ÎÑÍÎÂÍÎÅ;S n inan loc sg
9165;18;ýòî;ÝÒÎ;SPRO n sg nom;;+;î;ò;ý;;;;S;ÝÒÎ;S n - nom sg
9166;19;íå;ÍÅ;PART;;+;å;í;;;;;PART;ÍÅ;PART
9167;20;ôèëüìû;ÔÈËÜÌ;S m inan nom pl;;+;û;ì;ü;ë;è;ô;S;ÔÈËÜÌ;S m inan acc pl
9168;21;,;,;PUNC;;+;;;;;;;PUNC;,;PUNC
9169;22;à;À;CONJ;;+;à;;;;;;CONJ;À;CONJ
9170;23;ñåðèàëû;ÑÅÐÈÀË;S m inan nom pl;;+;û;ë;à;è;ð;å;S;ÑÅÐÈÀË;S m inan nom pl
9171;24;,;,;PUNC;;+;;;;;;;PUNC;,;PUNC
9172;25;ðåäêî;ÐÅÄÊÎ;ADV -;;+;î;ê;ä;å;ð;;ADV;ÐÅÄÊÎ;ADV -
9173;26;-;-;PUNC;;+;;;;;;;PUNC;-;PUNC
9174;27;ìèíè;ÌÈÍÈ;NONLEX;ñëèòíî;+;è;í;è;ì;;;COM;ÌÈÍÈ;COM
9175;28;-;-;PUNC;ñëèòíî;+;;;;;;;PUNC;-;PUNC
9176;29;ñåðèàëû;ÑÅÐÈÀË;S m inan nom pl;;+;û;ë;à;è;ð;å;S;ÑÅÐÈÀË;S m inan acc pl
9177;30;,;,;PUNC;;+;;;;;;;PUNC;,;PUNC
9178;31;è;È;CONJ;;+;è;;;;;;CONJ;È;CONJ
9179;32;ÿ;ß;SPRO sg 1p - nom;;+;ÿ;;;;;;SPRO;ß;SPRO sg 1p - nom
9180;33;íå;ÍÅ;PART;;+;å;í;;;;;PART;ÍÅ;PART
9181;34;âèæó;ÂÈÄÅÒÜ;V tran ipf praes sg indic act - 1p;;+;ó;æ;è;â;;;V;ÂÈÄÅÒÜ;V ipf praes sg indic - 1p
9182;35;ãåðîåâ;ÃÅÐÎÉ;S m anim acc pl;;+;â;å;î;ð;å;ã;S;ÃÅÐÎÉ;S m anim acc pl
9183;36;,;,;PUNC;;+;;;;;;;PUNC;,;PUNC
9184;37;ììì;ÌÌÌ;INTJ;;+;ì;ì;ì;;;;S;ÌÌÌ;S n inan loc sg
9185;38;,;,;PUNC;;+;;;;;;;PUNC;,;PUNC
9186;39;çâ¸çä;ÇÂÅÇÄÀ;S f inan gen pl;;+;ä;ç;¸;â;ç;;S;ÇÂÅÇÄÀ;S f inan gen pl
9187;40;,;,;PUNC;;+;;;;;;;PUNC;,;PUNC
9188;41;âîò;ÂÎÒ;PART;;+;ò;î;â;;;;PART;ÂÎÒ;PART
9189;42;â;Â;PR;;+;â;;;;;;PR;Â;PR
9190;43;òîì;ÒÎÒ;APRO m sg loc;;+;ì;î;ò;;;;A;ÒÎÒ;A - loc sg plen n -
9191;44;ìî¸ì;ÌÎÉ;APRO m sg loc;;+;ì;¸;î;ì;;;A;ÌÎÉ;A - loc sg plen n -
9192;45;ïîíèìàíèè;ÏÎÍÈÌÀÍÈÅ;S n inan loc sg;;+;è;è;í;à;ì;è;S;ÏÎÍÈÌÀÍÈÅ;S n inan loc sg
9193;46;,;,;PUNC;;+;;;;;;;PUNC;,;PUNC
9194;47;÷òîáû;×ÒÎÁÛ;CONJ;;+;û;á;î;ò;÷;;CONJ;×ÒÎÁÛ;CONJ
9195;48;ÿ;ß;SPRO sg 1p - nom;;+;ÿ;;;;;;SPRO;ß;SPRO sg 1p - nom
9196;49;âîò;ÂÎÒ;PART;;+;ò;î;â;;;;PART;ÂÎÒ;PART
9197;50;ìîãëà;ÌÎ×Ü;V intr ipf praet sg indic act f -;;+;à;ë;ã;î;ì;;V;ÌÎ×Ü;V ipf praet sg indic f -
9198;51;ñêàçàòü;ÑÊÀÇÀÒÜ;V tran pf - - inf act - -;;+;ü;ò;à;ç;à;ê;V;ÑÊÀÇÀÒÜ;V pf - - inf - -
9199;52;äà;ÄÀ;PART;;+;à;ä;;;;;CONJ;ÄÀ;CONJ
9200;53;,;,;PUNC;;+;;;;;;;PUNC;,;PUNC
9201;54;âîò;ÂÎÒ;PART;;+;ò;î;â;;;;PART;ÂÎÒ;PART
9202;55;ýòî;ÝÒÎ;SPRO n sg nom;;+;î;ò;ý;;;;S;ÝÒÎ;S n - nom sg
9203;56;âîò;ÂÎÒ;PART;;+;ò;î;â;;;;PART;ÂÎÒ;PART
9204;57;çâåçäà;ÇÂÅÇÄÀ;S f inan nom sg;;+;à;ä;ç;å;â;ç;S;ÇÂÅÇÄÀ;S f inan nom sg
9205;58;,;,;PUNC;;+;;;;;;;PUNC;,;PUNC
9206;59;äà;ÄÀ;PART;;+;à;ä;;;;;CONJ;ÄÀ;CONJ
9207;60;,;,;PUNC;;+;;;;;;;PUNC;,;PUNC
9208;61;ÿ;ß;SPRO sg 1p - nom;;+;ÿ;;;;;;SPRO;ß;SPRO sg 1p - nom
9209;62;âëþáëåíà;ÂËÞÁÈÒÜ;PARTCP tran pf pass praet sg f brev;;+;à;í;å;ë;á;þ;A;ÂËÞÁËÅÍÍÛÉ;A - - sg brev f -
9210;63;â;Â;PR;;+;â;;;;;;PR;Â;PR
9211;64;íåãî;ÎÍ;SPRO sg 3p m acc;;+;î;ã;å;í;;;SPRO;ÎÍ;SPRO sg 3p m acc
9212;65;,;,;PUNC;;+;;;;;;;PUNC;,;PUNC
9213;66;äà;ÄÀ;PART;;+;à;ä;;;;;CONJ;ÄÀ;CONJ
9214;67;,;,;PUNC;;+;;;;;;;PUNC;,;PUNC
9215;68;îí;ÎÍ;SPRO sg 3p m nom;;+;í;î;;;;;SPRO;ÎÍ;SPRO sg 3p m nom
9216;69;çàìå÷àòåëüíûé;ÇÀÌÅ×ÀÒÅËÜÍÛÉ;A - nom sg plen m -;;+;é;û;í;ü;ë;å;A;ÇÀÌÅ×ÀÒÅËÜÍÛÉ;A - nom sg plen m -
9217;70;àðòèñò;ÀÐÒÈÑÒ;S m anim nom sg;;+;ò;ñ;è;ò;ð;à;S;ÀÐÒÈÑÒ;S m anim nom sg
9218;71;,;,;PUNC;;+;;;;;;;PUNC;,;PUNC
9219;72;è;È;CONJ;;+;è;;;;;;CONJ;È;CONJ
9220;73;,;,;PUNC;;+;;;;;;;PUNC;,;PUNC
9221;74;è;È;CONJ;;+;è;;;;;;CONJ;È;CONJ
9222;75;îí;ÎÍ;SPRO sg 3p m nom;;+;í;î;;;;;SPRO;ÎÍ;SPRO sg 3p m nom
9223;76;ñèìïàòè÷íûé;ÑÈÌÏÀÒÈ×ÍÛÉ;A - nom sg plen m -;;+;é;û;í;÷;è;ò;A;ÑÈÌÏÀÒÈ×ÍÛÉ;A - nom sg plen m -
9224;77;,;,;PUNC;;+;;;;;;;PUNC;,;PUNC
9225;78;îí;ÎÍ;SPRO sg 3p m nom;;+;í;î;;;;;SPRO;ÎÍ;SPRO sg 3p m nom
9226;79;êðàñèâûé;ÊÐÀÑÈÂÛÉ;A - nom sg plen m -;;+;é;û;â;è;ñ;à;A;ÊÐÀÑÈÂÛÉ;A - nom sg plen m -
9227;80;,;,;PUNC;;+;;;;;;;PUNC;,;PUNC
9228;81;íó;ÍÓ;INTJ;;+;ó;í;;;;;PART;ÍÓ;PART
9229;82;,;,;PUNC;;+;;;;;;;PUNC;,;PUNC
9230;83;ÿ;ß;SPRO sg 1p - nom;;+;ÿ;;;;;;SPRO;ß;SPRO sg 1p - nom
9231;84;íå;ÍÅ;PART;;+;å;í;;;;;PART;ÍÅ;PART
9232;85;çíàþ;ÇÍÀÒÜ;V tran ipf praes sg indic act - 1p;;+;þ;à;í;ç;;;V;ÇÍÀÒÜ;V ipf praes sg indic - 1p
9233;86;,;,;PUNC;;+;;;;;;;PUNC;,;PUNC
9234;87;âîò;ÂÎÒ;PART;;+;ò;î;â;;;;PART;ÂÎÒ;PART
9235;88;íåò;ÍÅÒ;PART;;+;ò;å;í;;;;PART;ÍÅÒ;PART
9236;89;òàêîé;ÒÀÊÎÉ;APRO f sg gen;;+;é;î;ê;à;ò;;A;ÒÀÊÎÉ;A - gen sg plen f -
9237;90;âîñòîðæåííîñòè;ÂÎÑÒÎÐÆÅÍÍÎÑÒÜ;S f inan gen sg;;+;è;ò;ñ;î;í;í;S;ÂÎÑÒÎÐÆÅÍÍÎÑÒÜ;S f inan gen sg
9238;91;,;,;PUNC;;+;;;;;;;PUNC;,;PUNC
9239;92;ìîæåò;ÌÎÆÅÒ;PARENTH;;+;ò;å;æ;î;ì;;V;ÌÎ×Ü;V ipf praes sg indic - 3p
9240;93;,;,;PUNC;;+;;;;;;;PUNC;,;PUNC
9241;94;êîíå÷íî;ÊÎÍÅ×ÍÎ;ADV -;;+;î;í;÷;å;í;î;ADV;ÊÎÍÅ×ÍÎ;ADV -
9242;95;,;,;PUNC;;+;;;;;;;PUNC;,;PUNC
9243;96;ýòî;ÝÒÎ;SPRO n sg nom;;+;î;ò;ý;;;;S;ÝÒÎ;S n - nom sg
9244;97;,;,;PUNC;;+;;;;;;;PUNC;,;PUNC
9245;98;ýýý;Ý;INTJ;;+;ý;ý;ý;;;;NONLEX;ÝÝÝ;NONLEX
9246;99;,;,;PUNC;;+;;;;;;;PUNC;,;PUNC
9247;100;ñ;Ñ;PR;;+;ñ;;;;;;PR;Ñ;PR
9248;101;âîçðàñòîì;ÂÎÇÐÀÑÒ;S m inan ins sg;;+;ì;î;ò;ñ;à;ð;S;ÂÎÇÐÀÑÒ;S m inan ins sg
9249;102;,;,;PUNC;;+;;;;;;;PUNC;,;PUNC
9250;103;íî;ÍÎ;CONJ;;+;î;í;;;;;CONJ;ÍÎ;CONJ
9251;104;ìíå;ß;SPRO sg 1p - dat;;+;å;í;ì;;;;SPRO;ß;SPRO sg 1p - loc
9252;105;êàæåòñÿ;ÊÀÇÀÒÜÑß;V intr ipf praes sg indic med - 3p;;+;ÿ;ñ;ò;å;æ;à;V;ÊÀÇÀÒÜÑß;V ipf praes sg indic - 3p
9253;106;è;È;CONJ;;+;è;;;;;;CONJ;È;CONJ
9254;107;íåò;ÍÅÒ;PART;;+;ò;å;í;;;;PART;ÍÅÒ;PART
9255;108;,;,;PUNC;;+;;;;;;;PUNC;,;PUNC
9256;109;íåìíîæêî;ÍÅÌÍÎÆÊÎ;ADV -;;+;î;ê;æ;î;í;ì;ADV;ÍÅÌÍÎÆÊÎ;ADV -
9257;110;èíäóñòðèÿ;ÈÍÄÓÑÒÐÈß;S f inan nom sg;;+;ÿ;è;ð;ò;ñ;ó;S;ÈÍÄÓÑÒÐÈß;S f inan nom sg
9258;111;êèíî;ÊÈÍÎ;S n inan 0 sg loc;;+;î;í;è;ê;;;S;ÊÈÍÎ;S n inan nonflex nonflex
9259;112;ñòàëà;ÑÒÀÒÜ;V intr pf praet sg indic act f -;;+;à;ë;à;ò;ñ;;V;ÑÒÀÒÜ;V pf praet sg indic f -
9260;113;äðóãîé;ÄÐÓÃÎÉ;APRO f sg gen;;+;é;î;ã;ó;ð;ä;A;ÄÐÓÃÎÉ;A - acc sg plen m inan
9261;114;.;.;SENT;;+;;;;;;;SENT;.;SENT
9262;;;;;;+;;;;;;;;;
9263;1;È;È;CONJ;;+;è;;;;;;CONJ;È;CONJ
9264;2;àðòèñòû;ÀÐÒÈÑÒ;S m anim nom pl;;+;û;ò;ñ;è;ò;ð;S;ÀÐÒÈÑÒ;S m anim nom pl
9265;3;ñòàëè;ÑÒÀÒÜ;V intr pf praet pl indic act -;;+;è;ë;à;ò;ñ;;S;ÑÒÀËÜ;S f inan loc sg
9266;4;,;,;PUNC;;+;;;;;;;PUNC;,;PUNC
9267;5;íó;ÍÓ;INTJ;;+;ó;í;;;;;PART;ÍÓ;PART
9268;6;,;,;PUNC;;+;;;;;;;PUNC;,;PUNC
9269;7;äðóãèìè;ÄÐÓÃÎÉ;APRO pl gen;;+;è;ì;è;ã;ó;ð;A;ÄÐÓÃÎÉ;A - ins pl plen - -
9270;8;.;.;SENT;;+;;;;;;;SENT;.;SENT
9271;;;;;;+;;;;;;;;;
9272;1;Äà;ÄÀ;PART;;+;à;ä;;;;;PART;ÄÀ;PART
9273;2;,;,;PUNC;;+;;;;;;;PUNC;,;PUNC
9274;3;&;&;PUNC;;+;;;;;;;PUNC;&;PUNC
9275;4;lt;LT;NONLEX;;+;;;;;;;NONLEX;LT;NONLEX
9276;5;";";";";PUNC;;+;;;;;;;PUNC;";";PUNC
9277;6;distinct;DISTINCT;NONLEX;;+;;;;;;;NONLEX;DISTINCT;NONLEX
9278;7;form;FORM;NONLEX;;+;;;;;;;NONLEX;FORM;NONLEX
9279;8;+;+;PUNC;;+;;;;;;;PUNC;+;PUNC
9280;9;&;&;PUNC;;+;;;;;;;PUNC;&;PUNC
9281;10;quot;QUOT;NONLEX;;+;;;;;;;NONLEX;QUOT;NONLEX
9282;11;";";";";PUNC;;+;;;;;;;PUNC;";";PUNC
9283;12;íàåðíî;ÍÀÂÅÐÍÎ;PARENTH;distort;+;î;í;ð;å;à;í;S;ÍÀÅÐÍÎ;S m inan loc sg
9284;13;&;&;PUNC;;+;;;;;;;PUNC;&;PUNC
9285;14;quot;QUOT;NONLEX;;+;;;;;;;NONLEX;QUOT;NONLEX
9286;15;";";";";SENT;;+;;;;;;;SENT;";";SENT
9287;;;;;;+;;;;;;;;;
9288;1;&;&;PUNC;;+;;;;;;;PUNC;&;PUNC
9289;2;gt;GT;NONLEX;;+;;;;;;;NONLEX;GT;NONLEX
9290;3;";";";";PUNC;;+;;;;;;;PUNC;";";PUNC
9291;4;íàâåðíî;ÍÀÂÅÐÍÎ;PARENTH;;+;î;í;ð;å;â;à;ADV;ÍÀÂÅÐÍÎ;ADV -
9292;5;&;&;PUNC;;+;;;;;;;PUNC;&;PUNC
9293;6;lt;LT;NONLEX;;+;;;;;;;NONLEX;LT;NONLEX
9294;7;";";";";SENT;;+;;;;;;;SENT;";";SENT
9295;;;;;;+;;;;;;;;;
9296;1;/;/;PUNC;;+;;;;;;;PUNC;/;PUNC
9297;2;distinct;DISTINCT;NONLEX;;+;;;;;;;NONLEX;DISTINCT;NONLEX
9298;3;&;&;PUNC;;+;;;;;;;PUNC;&;PUNC
9299;4;gt;GT;NONLEX;;+;;;;;;;NONLEX;GT;NONLEX
9300;5;";";";";SENT;;+;;;;;;;SENT;";";SENT
9301;;;;;;+;;;;;;;;;
9302;1;ïðîñòî;ÏÐÎÑÒÎ;PARENTH;;+;î;ò;ñ;î;ð;ï;PART;ÏÐÎÑÒÎ;PART
9303;2;ïîìåíÿëîñü;ÏÎÌÅÍßÒÜÑß;V intr pf praet sg indic med n -;;+;ü;ñ;î;ë;ÿ;í;V;ÏÎÌÅÍßÒÜÑß;V pf praet sg indic n -
9304;3;âðåìÿ;ÂÐÅÌß;S n inan nom sg;;+;ÿ;ì;å;ð;â;;S;ÂÐÅÌß;S n inan nom sg
9305;4;.;.;SENT;;+;;;;;;;SENT;.;SENT
9306;;;;;;+;;;;;;;;;
9307;1;Íó;ÍÓ;INTJ;;+;ó;í;;;;;PART;ÍÓ;PART
9308;2;î÷åíü;Î×ÅÍÜ;ADV -;;+;ü;í;å;÷;î;;ADV;Î×ÅÍÜ;ADV -
9309;3;æàëü;ÆÀËÜ;PRAEDIC;;+;ü;ë;à;æ;;;ADV;ÆÀËÜ;ADV -
9310;4;.;.;SENT;;+;;;;;;;SENT;.;SENT
9311;;;;;;+;;;;;;;;;
9312;1;Ìîæíî;ÌÎÆÍÎ;PRAEDIC;;+;î;í;æ;î;ì;;ADV;ÌÎÆÍÎ;ADV -
9313;2;áûëî;ÁÛÒÜ;V intr ipf praet sg indic act n -;;+;î;ë;û;á;;;V;ÁÛÒÜ;V ipf praet sg indic n -
9314;3;áû;ÁÛ;PART;;+;û;á;;;;;PART;ÁÛ;PART
9315;4;êàê-òî;ÊÀÊ-ÒÎ;ADVPRO;;+;î;ò;;ê;à;ê;ADV;ÊÀÊ-ÒÎ;ADV -
9316;5;...;...;SENT;;+;;;;;;;SENT;...;SENT
9317;;;;;;+;;;;;;;;;
9318;1;Íàâåðíîå;ÍÀÂÅÐÍÎÅ;PARENTH;;+;å;î;í;ð;å;â;ADV;ÍÀÂÅÐÍÎÅ;ADV -
9319;2;,;,;PUNC;;+;;;;;;;PUNC;,;PUNC
9320;3;ýòî;ÝÒÎ;SPRO n sg nom;;+;î;ò;ý;;;;S;ÝÒÎ;S n - nom sg
9321;4;ïðîèñõîäèò;ÏÐÎÈÑÕÎÄÈÒÜ;V intr ipf praes sg indic act - 3p;;+;ò;è;ä;î;õ;ñ;V;ÏÐÎÈÑÕÎÄÈÒÜ;V ipf praes sg indic - 3p
9322;5;åù¸;ÅÙÅ;ADV -;;+;¸;ù;å;;;;ADV;ÅÙÅ;ADV -
9323;6;èç-çà;ÈÇ-ÇÀ;PR;;+;à;ç;;ç;è;;PR;ÈÇ-ÇÀ;PR
9324;7;òîãî;ÒÎ;SPRO n sg gen;;+;î;ã;î;ò;;;S;ÒÎ;S n - gen sg
9325;8;,;,;PUNC;;+;;;;;;;PUNC;,;PUNC
9326;9;÷òî;×ÒÎ;CONJ;;+;î;ò;÷;;;;CONJ;×ÒÎ;CONJ
9327;10;ðàíüøå;ÐÀÍÎ;ADV comp;;+;å;ø;ü;í;à;ð;ADV;ÐÀÍÎ;ADV comp
9328;11;îá;ÎÁ;PR;;+;á;î;;;;;PR;ÎÁ;PR
9329;12;àðòèñòàõ;ÀÐÒÈÑÒ;S m anim loc pl;;+;õ;à;ò;ñ;è;ò;S;ÀÐÒÈÑÒ;S m anim loc pl
9330;13;ìû;ÌÛ;SPRO pl 1p - nom;;+;û;ì;;;;;SPRO;ÌÛ;SPRO pl 1p - nom
9331;14;çíàëè;ÇÍÀÒÜ;V tran ipf praet pl indic act - -;;+;è;ë;à;í;ç;;V;ÇÍÀÒÜ;V ipf praet pl indic - -
9332;15;òîëüêî;ÒÎËÜÊÎ;PART;;+;î;ê;ü;ë;î;ò;PART;ÒÎËÜÊÎ;PART
9333;16;ïî;ÏÎ;PR;;+;î;ï;;;;;PR;ÏÎ;PR
9334;17;èõ;ÈÕ;APRO;;+;õ;è;;;;;A;ÈÕ;A - nonflex nonflex plen - -
9335;18;ðîëÿì;ÐÎËÜ;S f inan dat pl;;+;ì;ÿ;ë;î;ð;;S;ÐÎËÜ;S f inan dat pl
9336;19;.;.;SENT;;+;;;;;;;SENT;.;SENT
9337;;;;;;+;;;;;;;;;
9338;1;Ðåäêî;ÐÅÄÊÎ;ADV -;;+;î;ê;ä;å;ð;;ADV;ÐÅÄÊÎ;ADV -
9339;2;áûëè;ÁÛÒÜ;V intr ipf praet pl indic act -;;+;è;ë;û;á;;;V;ÁÛÒÜ;V ipf praet pl indic - -
9340;3;óïîìèíàíèÿ;ÓÏÎÌÈÍÀÍÈÅ;S n inan nom pl;;+;ÿ;è;í;à;í;è;S;ÓÏÎÌÈÍÀÍÈÅ;S n inan nom pl
9341;4;î;Î;PR;;+;î;;;;;;PR;Î;PR
9342;5;òîì;ÒÎ;S n inan nom pl;;+;ì;î;ò;;;;S;ÒÎ;S n - loc sg
9343;6;,;,;PUNC;;+;;;;;;;PUNC;,;PUNC
9344;7;÷òî;×ÒÎ;CONJ;;+;î;ò;÷;;;;CONJ;×ÒÎ;CONJ
9345;8;âîò;ÂÎÒ;PART;;+;ò;î;â;;;;PART;ÂÎÒ;PART
9346;9;ó;Ó;PR;;+;ó;;;;;;PR;Ó;PR
9347;10;íèõ;ÎÍÈ;SPRO pl - - gen 3p;;+;õ;è;í;;;;SPRO;ÎÍÈ;SPRO pl - - loc
9348;11;æåíà;ÆÅÍÀ;S f anim nom sg;;+;à;í;å;æ;;;S;ÆÅÍÀ;S f anim nom sg
9349;12;,;,;PUNC;;+;;;;;;;PUNC;,;PUNC
9350;13;ìóæ;ÌÓÆ;S m anim nom sg;;+;æ;ó;ì;;;;S;ÌÓÆ;S m anim nom sg
9351;14;,;,;PUNC;;+;;;;;;;PUNC;,;PUNC
9352;15;äåòè;ÐÅÁÅÍÎÊ;S m anim nom pl;;+;è;ò;å;ä;;;S;ÐÅÁÅÍÎÊ;S m anim nom pl
9353;16;,;,;PUNC;;+;;;;;;;PUNC;,;PUNC
9354;17;à;À;CONJ;;+;à;;;;;;CONJ;À;CONJ
9355;18;ñåé÷àñ;ÑÅÉ×ÀÑ;ADVPRO;;+;ñ;à;÷;é;å;ñ;ADV;ÑÅÉ×ÀÑ;ADV -
9356;19;íàñòîëüêî;ÍÀÑÒÎËÜÊÎ;ADV -;;+;î;ê;ü;ë;î;ò;ADV;ÍÀÑÒÎËÜÊÎ;ADV -
9357;20;ìû;ÌÛ;SPRO pl 1p - nom;;+;û;ì;;;;;SPRO;ÌÛ;SPRO pl 1p - nom
9358;21;ïðîñâåùåíû;ÏÐÎÑÂÅÒÈÒÜ;PARTCP tran pf praet - pl brev - pass -;;+;û;í;å;ù;å;â;PARTCP;ÏÐÎÑÂÅÒÈÒÜ;PARTCP pf praet - pl brev - pass -
9359;22;î;Î;PR;;+;î;;;;;;PR;Î;PR
9360;23;ñåìåéíûõ;ÑÅÌÅÉÍÛÉ;A - loc pl plen - -;;+;õ;û;í;é;å;ì;A;ÑÅÌÅÉÍÛÉ;A - loc pl plen - -
9361;24;îòíîøåíèÿõ;ÎÒÍÎØÅÍÈÅ;S n inan loc pl;;+;õ;ÿ;è;í;å;ø;S;ÎÒÍÎØÅÍÈÅ;S n inan loc pl
9362;25;èî;ÈÎ;CONJ + PR;distort ðàçäåëüíî;+;î;è;;;;;CONJ;ÈÎ;CONJ
9363;26;íå;ÍÅ;PART;;+;å;í;;;;;PART;ÍÅ;PART
9364;27;ñ...;Ñ...;NONLEX;distort;+;;;;ñ;;;PR;Ñ...;PR
9365;28;íå;ÍÅ;PART;;+;å;í;;;;;PART;ÍÅ;PART
9366;29;î;Î;PR;;+;î;;;;;;PR;Î;PR
9367;30;ñåìåéíûõ;ÑÅÌÅÉÍÛÉ;A - loc pl plen - -;;+;õ;û;í;é;å;ì;A;ÑÅÌÅÉÍÛÉ;A - loc pl plen - -
9368;31;îòíîøåíèÿõ;ÎÒÍÎØÅÍÈÅ;S n inan loc pl;;+;õ;ÿ;è;í;å;ø;S;ÎÒÍÎØÅÍÈÅ;S n inan loc pl
9369;32;,;,;PUNC;;+;;;;;;;PUNC;,;PUNC
9370;33;ýòî;ÝÒÎ;SPRO n sg nom;;+;î;ò;ý;;;;S;ÝÒÎ;S n - nom sg
9371;34;äàæå;ÄÀÆÅ;PART;;+;å;æ;à;ä;;;PART;ÄÀÆÅ;PART
9372;35;,;,;PUNC;;+;;;;;;;PUNC;,;PUNC
9373;36;ýýý;Ý;INTJ;;+;ý;ý;ý;;;;NONLEX;ÝÝÝ;NONLEX
9374;37;,;,;PUNC;;+;;;;;;;PUNC;,;PUNC
9375;38;ïðÿì;ÏÐßÌ;PART;;+;ì;ÿ;ð;ï;;;A;ÏÐßÌÎÉ;A - - sg brev m -
9376;39;äàæå;ÄÀÆÅ;PART;;+;å;æ;à;ä;;;PART;ÄÀÆÅ;PART
9377;40;ñòðàøíî;ÑÒÐÀØÍÎ;ADV -;;+;î;í;ø;à;ð;ò;ADV;ÑÒÐÀØÍÎ;ADV -
9378;41;.;.;SENT;;+;;;;;;;SENT;.;SENT
9379;;;;;;+;;;;;;;;;
9380;1;Çà÷åì;ÇÀ×ÅÌ;ADVPRO;;+;ì;å;÷;à;ç;;ADV;ÇÀ×ÅÌ;ADV -
9381;2;íàì;ÌÛ;SPRO pl 1p - dat;;+;ì;à;í;;;;SPRO;ÌÛ;SPRO pl 1p - dat
9382;3;çíàòü;ÇÍÀÒÜ;V tran ipf - - inf act - -;;+;ü;ò;à;í;ç;;V;ÇÍÀÒÜ;V ipf - - inf - -
9383;4;îá;ÎÁ;PR;;+;á;î;;;;;PR;ÎÁ;PR
9384;5;àðòèñòå;ÀÐÒÈÑÒ;S m anim loc sg;;+;å;ò;ñ;è;ò;ð;S;ÀÐÒÈÑÒ;S m anim loc sg
9385;6;íåêîòîðûå;ÍÅÊÎÒÎÐÛÉ;APRO pl acc;;+;å;û;ð;î;ò;î;A;ÍÅÊÎÒÎÐÛÉ;A - acc pl plen - inan
9386;7;ñòîðîíû;ÑÒÎÐÎÍÀ;S f inan acc pl;;+;û;í;î;ð;î;ò;S;ÑÒÎÐÎÍÀ;S f inan gen sg
9387;8;åãî;ÅÃÎ;APRO;;+;î;ã;å;;;;A;ÅÃÎ;A - nonflex nonflex plen - -
9388;9;æèçíè;ÆÈÇÍÜ;S f inan gen sg;;+;è;í;ç;è;æ;;S;ÆÈÇÍÜ;S f inan gen sg
9389;10;,;,;PUNC;;+;;;;;;;PUNC;,;PUNC
9390;11;êîòîðûå;ÊÎÒÎÐÛÉ;APRO pl acc;;+;å;û;ð;î;ò;î;A;ÊÎÒÎÐÛÉ;A - nom pl plen - -
9391;12;ñîâñåì;ÑÎÂÑÅÌ;ADV -;;+;ì;å;ñ;â;î;ñ;ADV;ÑÎÂÑÅÌ;ADV -
9392;13;íå;ÍÅ;PART;;+;å;í;;;;;PART;ÍÅ;PART
9393;14;ëèöåïðèÿòíû;ËÈÖÅÏÐÈßÒÍÛÉ;A pl acc brev;;+;û;í;ò;ÿ;è;ð;A;ËÈÖÅÏÐÈßÒÍÛÉ;A - - pl brev - -
9394;15;.;.;SENT;;+;;;;;;;SENT;.;SENT
9395;;;;;;+;;;;;;;;;
9396;1;Èíîãäà;ÈÍÎÃÄÀ;ADV -;;+;à;ä;ã;î;í;è;ADV;ÈÍÎÃÄÀ;ADV -
9397;2;ñìîòðèøü;ÑÌÎÒÐÅÒÜ;V tran ipf praes sg indic act - 2p;;+;ü;ø;è;ð;ò;î;V;ÑÌÎÒÐÅÒÜ;V ipf praes sg indic - 2p
9398;3;êèíî;ÊÈÍÎ;S n inan 0 sg loc;;+;î;í;è;ê;;;S;ÊÈÍÎ;S n inan nonflex nonflex
9399;4;,;,;PUNC;;+;;;;;;;PUNC;,;PUNC
9400;5;êàêîé-òî;ÊÀÊÎÉ-ÒÎ;APRO m sg acc;;+;î;ò;;é;î;ê;A;ÊÀÊÎÉ-ÒÎ;A - nom sg plen m -
9401;6;ôèëüì;ÔÈËÜÌ;S m inan acc sg;;+;ì;ü;ë;è;ô;;S;ÔÈËÜÌ;S m inan nom sg
9402;7;è;È;CONJ;;+;è;;;;;;CONJ;È;CONJ
9403;8;äóìàåøü;ÄÓÌÀÒÜ;V intr ipf praes sg indic act - 2p;;+;ü;ø;å;à;ì;ó;V;ÄÓÌÀÒÜ;V ipf praes sg indic - 2p
9404;9;:;:;PUNC;;+;;;;;;;PUNC;:;PUNC
9405;10;áîæå;ÁÎÆÅ;INTJ;;+;å;æ;î;á;;;INTJ;ÁÎÆÅ;INTJ
9406;11;,;,;PUNC;;+;;;;;;;PUNC;,;PUNC
9407;12;êàê;ÊÀÊ;CONJ;;+;ê;à;ê;;;;CONJ;ÊÀÊ;CONJ
9408;13;îí;ÎÍ;SPRO sg 3p m nom;;+;í;î;;;;;SPRO;ÎÍ;SPRO sg 3p m nom
9409;14;ìîæåò;ÌÎ×Ü;V intr ipf praes sg indic act - 3p;;+;ò;å;æ;î;ì;;V;ÌÎ×Ü;V ipf praes sg indic - 3p
9410;15;âîò;ÂÎÒ;PART;;+;ò;î;â;;;;PART;ÂÎÒ;PART
9411;16;ãîâîðèòü;ÃÎÂÎÐÈÒÜ;V tran ipf - - inf act - -;;+;ü;ò;è;ð;î;â;V;ÃÎÂÎÐÈÒÜ;V ipf - - inf - -
9412;17;òî;ÒÎ;SPRO n sg acc;;+;î;ò;;;;;S;ÒÎ;S n - acc sg
9413;18;,;,;PUNC;;+;;;;;;;PUNC;,;PUNC
9414;19;÷òî;×ÒÎ;CONJ;;+;î;ò;÷;;;;CONJ;×ÒÎ;CONJ
9415;20;îí;ÎÍ;SPRO sg 3p m nom;;+;í;î;;;;;SPRO;ÎÍ;SPRO sg 3p m nom
9416;21;&;&;PUNC;;+;;;;;;;PUNC;&;PUNC
9417;22;lt;LT;NONLEX;;+;;;;;;;NONLEX;LT;NONLEX
9418;23;";";";";PUNC;;+;;;;;;;PUNC;";";PUNC
9419;24;distinct;DISTINCT;NONLEX;;+;;;;;;;NONLEX;DISTINCT;NONLEX
9420;25;form;FORM;NONLEX;;+;;;;;;;NONLEX;FORM;NONLEX
9421;26;+;+;PUNC;;+;;;;;;;PUNC;+;PUNC
9422;27;&;&;PUNC;;+;;;;;;;PUNC;&;PUNC
9423;28;quot;QUOT;NONLEX;;+;;;;;;;NONLEX;QUOT;NONLEX
9424;29;";";";";PUNC;;+;;;;;;;PUNC;";";PUNC
9425;30;ùàñ;ÑÅÉ×ÀÑ;ADV -;distort;+;ñ;à;ù;;;;ADV;ÙÀÑ;ADV -
9426;31;&;&;PUNC;;+;;;;;;;PUNC;&;PUNC
9427;32;quot;QUOT;NONLEX;;+;;;;;;;NONLEX;QUOT;NONLEX
9428;33;";";";";SENT;;+;;;;;;;SENT;";";SENT
9429;;;;;;+;;;;;;;;;
9430;1;&;&;PUNC;;+;;;;;;;PUNC;&;PUNC
9431;2;gt;GT;NONLEX;;+;;;;;;;NONLEX;GT;NONLEX
9432;3;";";";";PUNC;;+;;;;;;;PUNC;";";PUNC
9433;4;ñåé÷àñ;ÑÅÉ×ÀÑ;ADV -;;+;ñ;à;÷;é;å;ñ;ADV;ÑÅÉ×ÀÑ;ADV -
9434;5;&;&;PUNC;;+;;;;;;;PUNC;&;PUNC
9435;6;lt;LT;NONLEX;;+;;;;;;;NONLEX;LT;NONLEX
9436;7;";";";";SENT;;+;;;;;;;SENT;";";SENT
9437;;;;;;+;;;;;;;;;
9438;1;/;/;PUNC;;+;;;;;;;PUNC;/;PUNC
9439;2;distinct;DISTINCT;NONLEX;;+;;;;;;;NONLEX;DISTINCT;NONLEX
9440;3;&;&;PUNC;;+;;;;;;;PUNC;&;PUNC
9441;4;gt;GT;NONLEX;;+;;;;;;;NONLEX;GT;NONLEX
9442;5;";";";";SENT;;+;;;;;;;SENT;";";SENT
9443;;;;;;+;;;;;;;;;
9444;1;ãîâîðèò;ÃÎÂÎÐÈÒÜ;V tran ipf praes sg indic act - 3p;;+;ò;è;ð;î;â;î;V;ÃÎÂÎÐÈÒÜ;V ipf praes sg indic - 3p
9445;2;,;,;PUNC;;+;;;;;;;PUNC;,;PUNC
9446;3;åñëè;ÅÑËÈ;CONJ;;+;è;ë;ñ;å;;;CONJ;ÅÑËÈ;CONJ
9447;4;âîò;ÂÎÒ;PART;;+;ò;î;â;;;;PART;ÂÎÒ;PART
9448;5;îí;ÎÍ;SPRO sg 3p m nom;;+;í;î;;;;;SPRO;ÎÍ;SPRO sg 3p m nom
9449;6;òàêîé;ÒÀÊÎÉ;APRO m sg nom;;+;é;î;ê;à;ò;;A;ÒÀÊÎÉ;A - nom sg plen m -
9450;7;ïëîõîé;ÏËÎÕÎÉ;A - nom sg plen m -;;+;é;î;õ;î;ë;ï;A;ÏËÎÕÎÉ;A - nom sg plen m -
9451;8;,;,;PUNC;;+;;;;;;;PUNC;,;PUNC
9452;9;îí;ÎÍ;SPRO sg 3p m nom;;+;í;î;;;;;SPRO;ÎÍ;SPRO sg 3p m nom
9453;10;æå;ÆÅ;PART;;+;å;æ;;;;;PART;ÆÅ;PART
9454;11;ñîâåðøàåò;ÑÎÂÅÐØÀÒÜ;V tran ipf praes sg indic act - 3p;;+;ò;å;à;ø;ð;å;V;ÑÎÂÅÐØÀÒÜ;V ipf praes sg indic - 3p
9455;12;òàêèå;ÒÀÊÎÉ;APRO pl acc;;+;å;è;ê;à;ò;;A;ÒÀÊÎÉ;A - nom pl plen - -
9456;13;ïîñòóïêè;ÏÎÑÒÓÏÎÊ;S m inan acc pl;;+;è;ê;ï;ó;ò;ñ;S;ÏÎÑÒÓÏÎÊ;S m inan nom pl
9457;14;â;Â;PR;;+;â;;;;;;PR;Â;PR
9458;15;æèçíè;ÆÈÇÍÜ;S f inan loc sg;;+;è;í;ç;è;æ;;S;ÆÈÇÍÜ;S f inan loc sg
9459;16;,;,;PUNC;;+;;;;;;;PUNC;,;PUNC
9460;17;âîò;ÂÎÒ;PART;;+;ò;î;â;;;;PART;ÂÎÒ;PART
9461;18;î;Î;PR;;+;î;;;;;;PR;Î;PR
9462;19;í¸ì;ÎÍ;SPRO sg 3p m loc;;+;ì;¸;í;;;;SPRO;ÎÍ;SPRO sg 3p m loc
9463;20;òàêîå;ÒÀÊÎÉ;APRO pl acc;;+;å;î;ê;à;ò;;A;ÒÀÊÎÉ;A - nom sg plen n -
9464;21;âîò;ÂÎÒ;PART;;+;ò;î;â;;;;PART;ÂÎÒ;PART
9465;22;ïèñàëè;ÏÈÑÀÒÜ;V tran ipf praet pl indic act - -;;+;è;ë;à;ñ;è;ï;V;ÏÈÑÀÒÜ;V ipf praet pl indic - -
9466;23;,;,;PUNC;;+;;;;;;;PUNC;,;PUNC
9467;24;î;Î;PR;;+;î;;;;;;PR;Î;PR
9468;25;í¸ì;ÎÍ;SPRO sg 3p m loc;;+;ì;¸;í;;;;SPRO;ÎÍ;SPRO sg 3p m loc
9469;26;òàêîå;ÒÀÊÎÉ;APRO pl acc;;+;å;î;ê;à;ò;;A;ÒÀÊÎÉ;A - nom sg plen n -
9470;27;ãîâîðèëè;ÃÎÂÎÐÈÒÜ;V tran ipf praet pl indic act - -;;+;è;ë;è;ð;î;â;V;ÃÎÂÎÐÈÒÜ;V ipf praet pl indic - -
9471;28;è...;È...;CONJ;;+;;;;è;;;CONJ;È...;CONJ
9472;29;è;È;CONJ;;+;è;;;;;;CONJ;È;CONJ
9473;30;ýòî;ÝÒÎ;SPRO n sg nom;;+;î;ò;ý;;;;S;ÝÒÎ;S n - nom sg
9474;31;íåèíòåðåñíî;ÍÅÈÍÒÅÐÅÑÍÛÉ;A - - sg brev n -;;+;î;í;ñ;å;ð;å;A;ÍÅÈÍÒÅÐÅÑÍÛÉ;A - - sg brev n -
9475;32;óæå;ÓÆÅ;ADV -;;+;å;æ;ó;;;;ADV;ÓÆÅ;ADV -
9476;33;,;,;PUNC;;+;;;;;;;PUNC;,;PUNC
9477;34;íó;ÍÓ;INTJ;;+;ó;í;;;;;PART;ÍÓ;PART
9478;35;,;,;PUNC;;+;;;;;;;PUNC;,;PUNC
9479;36;êàê;ÊÀÊ;CONJ;;+;ê;à;ê;;;;CONJ;ÊÀÊ;CONJ
9480;37;ãîâîðèë;ÃÎÂÎÐÈÒÜ;V tran ipf praet sg indic act m -;;+;ë;è;ð;î;â;î;V;ÃÎÂÎÐÈÒÜ;V ipf praet sg indic m -
9481;38;×åõîâ;×ÅÕÎÂ;S m anim nom sg famn;;+;â;î;õ;å;÷;;S;×ÅÕÎÂ;S m anim nom sg
9482;39;,;,;PUNC;;+;;;;;;;PUNC;,;PUNC
9483;40;â;Â;PR;;+;â;;;;;;PR;Â;PR
9484;41;÷åëîâåêå;×ÅËÎÂÅÊ;S m anim loc sg;;+;å;ê;å;â;î;ë;S;×ÅËÎÂÅÊ;S m anim loc sg
9485;42;äîëæíî;ÄÎËÆÍÎ;PRAEDIC;;+;î;í;æ;ë;î;ä;ADV;ÄÎËÆÍÎ;ADV -
9486;43;áûòü;ÁÛÒÜ;V intr ipf - - inf act - -;;+;ü;ò;û;á;;;V;ÁÛÒÜ;V ipf - - inf - -
9487;44;âñ¸;ÂÑÅ;SPRO n sg nom;;+;¸;ñ;â;;;;ADV;ÂÑÅ;ADV -
9488;45;ïðåêðàñíî;ÏÐÅÊÐÀÑÍÎ;ADV -;;+;î;í;ñ;à;ð;ê;ADV;ÏÐÅÊÐÀÑÍÎ;ADV -
9489;46;-;-;PUNC;;+;;;;;;;PUNC;-;PUNC
9490;47;è;È;CONJ;;+;è;;;;;;CONJ;È;CONJ
9491;48;ëèöî;ËÈÖÎ;S n inan nom sg;;+;î;ö;è;ë;;;S;ËÈÖÎ;S n inan nom sg
9492;49;,;,;PUNC;;+;;;;;;;PUNC;,;PUNC
9493;50;è;È;CONJ;;+;è;;;;;;CONJ;È;CONJ
9494;51;îäåæäà;ÎÄÅÆÄÀ;S f inan nom sg;;+;à;ä;æ;å;ä;î;S;ÎÄÅÆÄÀ;S f inan nom sg
9495;52;,;,;PUNC;;+;;;;;;;PUNC;,;PUNC
9496;53;è;È;CONJ;;+;è;;;;;;CONJ;È;CONJ
9497;54;÷òî;×ÒÎ;SPRO n sg nom;;+;î;ò;÷;;;;CONJ;×ÒÎ;CONJ
9498;55;òàì;ÒÀÌ;PART;;+;ì;à;ò;;;;ADV;ÒÀÌ;ADV -
9499;56;,;,;PUNC;;+;;;;;;;PUNC;,;PUNC
9500;57;è;È;CONJ;;+;è;;;;;;CONJ;È;CONJ
9501;58;óì;ÓÌ;S m inan acc sg;;+;ì;ó;;;;;S;ÓÌ;S m inan acc sg
9502;59;,;,;PUNC;;+;;;;;;;PUNC;,;PUNC
9503;60;íî;ÍÎ;CONJ;;+;î;í;;;;;CONJ;ÍÎ;CONJ
9504;61;â;Â;PR;;+;â;;;;;;PR;Â;PR
9505;62;àðòèñòå;ÀÐÒÈÑÒ;S m anim loc sg;;+;å;ò;ñ;è;ò;ð;S;ÀÐÒÈÑÒ;S m anim loc sg
9506;63;äîëæíî;ÄÎËÆÍÎ;PRAEDIC;;+;î;í;æ;ë;î;ä;ADV;ÄÎËÆÍÎ;ADV -
9507;64;áûòü;ÁÛÒÜ;V intr ipf - - inf act - -;;+;ü;ò;û;á;;;V;ÁÛÒÜ;V ipf - - inf - -
9508;65;ýòî;ÝÒÎ;SPRO n sg nom;;+;î;ò;ý;;;;S;ÝÒÎ;S n - nom sg
9509;66;âòðîéíå;ÂÒÐÎÉÍÅ;ADV -;;+;å;í;é;î;ð;ò;ADV;ÂÒÐÎÉÍÅ;ADV -
9510;67;,;,;PUNC;;+;;;;;;;PUNC;,;PUNC
9511;68;â;Â;PR;;+;â;;;;;;PR;Â;PR
9512;69;äåñÿòü;ÄÅÑßÒÜ;NUM acc - -;;+;ü;ò;ÿ;ñ;å;ä;NUM;ÄÅÑßÒÜ;NUM acc - -
9513;70;ðàç;ÐÀÇ;S m inan gen sg;;+;ç;à;ð;;;;S;ÐÀÇ;S m inan acc sg
9514;71;âñ¸;ÂÑÅ;SPRO n sg nom;;+;¸;ñ;â;;;;ADV;ÂÑÅ;ADV -
9515;72;êà÷åñòâåííåå;ÊÀ×ÅÑÒÂÅÍÍÛÉ;A comp - - plen - -;;+;å;å;í;í;å;â;A;ÊÀ×ÅÑÒÂÅÍÍÛÉ;A comp - - plen - -
9516;73;,;,;PUNC;;+;;;;;;;PUNC;,;PUNC
9517;74;ëó÷øå;ÕÎÐÎØÎ;ADV comp;;+;å;ø;÷;ó;ë;;ADV;ÕÎÐÎØÎ;ADV comp
9518;75;,;,;PUNC;;+;;;;;;;PUNC;,;PUNC
9519;76;ïîòîìó ÷òî;ïîòîìó ÷òî;ZERO;;+;î;ò;÷; ;ó;ì;ZERO;ïîòîìó ÷òî;ZERO
9520;77;ìû;ÌÛ;SPRO pl 1p - nom;;+;û;ì;;;;;SPRO;ÌÛ;SPRO pl 1p - nom
9521;78;íà;ÍÀ;PR;;+;à;í;;;;;PR;ÍÀ;PR
9522;79;íèõ;ÎÍÈ;SPRO pl - - acc 3p;;+;õ;è;í;;;;SPRO;ÎÍÈ;SPRO pl - - loc
9523;80;ñìîòðèì;ÑÌÎÒÐÅÒÜ;V tran ipf praes pl indic act - 1p;;+;ì;è;ð;ò;î;ì;V;ÑÌÎÒÐÅÒÜ;V ipf praes pl indic - 1p
9524;81;è;È;CONJ;;+;è;;;;;;CONJ;È;CONJ
9525;82;ìû;ÌÛ;SPRO pl 1p - nom;;+;û;ì;;;;;SPRO;ÌÛ;SPRO pl 1p - nom
9526;83;íà;ÍÀ;PR;;+;à;í;;;;;PR;ÍÀ;PR
9527;84;íèõ;ÎÍÈ;SPRO pl - - acc 3p;;+;õ;è;í;;;;SPRO;ÎÍÈ;SPRO pl - - loc
9528;85;õîòèì;ÕÎÒÅÒÜ;V tran ipf praes pl indic act - 1p;;+;ì;è;ò;î;õ;;V;ÕÎÒÅÒÜ;V ipf praes pl indic - 1p
9529;86;ðàâíÿòüñÿ;ÐÀÂÍßÒÜÑß;V intr ipf - - inf med - -;;+;ÿ;ñ;ü;ò;ÿ;í;V;ÐÀÂÍßÒÜÑß;V ipf - - inf - -
9530;87;,;,;PUNC;;+;;;;;;;PUNC;,;PUNC
9531;88;è;È;CONJ;;+;è;;;;;;CONJ;È;CONJ
9532;89;ìû;ÌÛ;SPRO pl 1p - nom;;+;û;ì;;;;;SPRO;ÌÛ;SPRO pl 1p - nom
9533;90;äóìàåì;ÄÓÌÀÒÜ;V intr ipf praes pl indic act - 1p;;+;ì;å;à;ì;ó;ä;V;ÄÓÌÀÒÜ;V ipf praes pl indic - 1p
9534;91;,;,;PUNC;;+;;;;;;;PUNC;,;PUNC
9535;92;÷òî;×ÒÎ;CONJ;;+;î;ò;÷;;;;CONJ;×ÒÎ;CONJ
9536;93;äà;ÄÀ;PART;;+;à;ä;;;;;CONJ;ÄÀ;CONJ
9537;94;,;,;PUNC;;+;;;;;;;PUNC;,;PUNC
9538;95;âîò;ÂÎÒ;PART;;+;ò;î;â;;;;PART;ÂÎÒ;PART
9539;96;òî;ÒÎ;SPRO n sg nom;;+;î;ò;;;;;S;ÒÎ;S n inan acc sg
9540;97;,;,;PUNC;;+;;;;;;;PUNC;,;PUNC
9541;98;÷òî;×ÒÎ;CONJ;;+;î;ò;÷;;;;CONJ;×ÒÎ;CONJ
9542;99;îíè;ÎÍÈ;SPRO pl - - nom 3p;;+;è;í;î;;;;SPRO;ÎÍÈ;SPRO pl - - nom
9543;100;ïîêàçûâàþò;ÏÎÊÀÇÛÂÀÒÜ;V tran ipf praes pl indic act - 3p;;+;ò;þ;à;â;û;ç;V;ÏÎÊÀÇÛÂÀÒÜ;V ipf praes pl indic - 3p
9544;101;,;,;PUNC;;+;;;;;;;PUNC;,;PUNC
9545;102;âîò;ÂÎÒ;PART;;+;ò;î;â;;;;PART;ÂÎÒ;PART
9546;103;ýòî;ÝÒÎ;PART;;+;î;ò;ý;;;;S;ÝÒÎ;S n - nom sg
9547;104;ïðàâäà;ÏÐÀÂÄÀ;S f sg nom;;+;à;ä;â;à;ð;ï;ADV;ÏÐÀÂÄÀ;ADV -
9548;105;,;,;PUNC;;+;;;;;;;PUNC;,;PUNC
9549;106;è;È;CONJ;;+;è;;;;;;CONJ;È;CONJ
9550;107;îíè;ÎÍÈ;SPRO pl - - nom 3p;;+;è;í;î;;;;SPRO;ÎÍÈ;SPRO pl - - nom
9551;108;æå;ÆÅ;PART;;+;å;æ;;;;;PART;ÆÅ;PART
9552;109;îáðàùàþòñÿ;ÎÁÐÀÙÀÒÜÑß;V intr ipf praes pl indic med - 3p;;+;ÿ;ñ;ò;þ;à;ù;V;ÎÁÐÀÙÀÒÜÑß;V ipf praes pl indic - 3p
9553;110;ê;Ê;PR;;+;ê;;;;;;PR;Ê;PR
9554;111;íàì;ÌÛ;SPRO pl 1p - dat;;+;ì;à;í;;;;SPRO;ÌÛ;SPRO pl 1p - dat
9555;112;ñ;Ñ;PR;;+;ñ;;;;;;PR;Ñ;PR
9556;113;ýêðàíà;ÝÊÐÀÍ;S m inan gen sg;;+;à;í;à;ð;ê;ý;S;ÝÊÐÀÍ;S m inan gen sg
9557;114;.;.;SENT;;+;;;;;;;SENT;.;SENT
9558;;;;;;+;;;;;;;;;
9559;1;À;À;CONJ;;+;à;;;;;;CONJ;À;CONJ
9560;2;ýòîãî;ÝÒÎÃÎ;SPRO m sg gen;;+;î;ã;î;ò;ý;;S;ÝÒÎ;S n - gen sg
9561;3;íå;ÍÅ;PART;;+;å;í;;;;;PART;ÍÅ;PART
9562;4;ïðîèñõîäèò;ÏÐÎÈÑÕÎÄÈÒÜ;V intr ipf praes sg indic act - 3p;;+;ò;è;ä;î;õ;ñ;V;ÏÐÎÈÑÕÎÄÈÒÜ;V ipf praes sg indic - 3p
9563;5;â;Â;PR;;+;â;;;;;;PR;Â;PR
9564;6;ôèëüìàõ;ÔÈËÜÌ;S m inan loc pl;;+;õ;à;ì;ü;ë;è;S;ÔÈËÜÌ;S m inan loc pl
9565;7;,;,;PUNC;;+;;;;;;;PUNC;,;PUNC
9566;8;êîòîðûå;ÊÎÒÎÐÛÉ;APRO pl loc;;+;å;û;ð;î;ò;î;A;ÊÎÒÎÐÛÉ;A - nom pl plen - -
9567;9;ïîêàçûâàþò;ÏÎÊÀÇÛÂÀÒÜ;V tran ipf praes pl indic act - 3p;;+;ò;þ;à;â;û;ç;V;ÏÎÊÀÇÛÂÀÒÜ;V ipf praes pl indic - 3p
9568;10;ñåé÷àñ;ÑÅÉ×ÀÑ;ADV -;;+;ñ;à;÷;é;å;ñ;ADV;ÑÅÉ×ÀÑ;ADV -
9569;11;.;.;SENT;;+;;;;;;;SENT;.;SENT
9570;;;;;;+;;;;;;;;;
9571;1;Íó;ÍÓ;INTJ;;+;ó;í;;;;;PART;ÍÓ;PART
9572;2;,;,;PUNC;;+;;;;;;;PUNC;,;PUNC
9573;3;î÷åíü;Î×ÅÍÜ;ADV -;;+;ü;í;å;÷;î;;ADV;Î×ÅÍÜ;ADV -
9574;4;æàëü;ÆÀËÜ;PRAEDIC;;+;ü;ë;à;æ;;;ADV;ÆÀËÜ;ADV -
9575;5;,;,;PUNC;;+;;;;;;;PUNC;,;PUNC
9576;6;÷òî;×ÒÎ;CONJ;;+;î;ò;÷;;;;CONJ;×ÒÎ;CONJ
9577;7;òàê;ÒÀÊ;ADVPRO;;+;ê;à;ò;;;;ADV;ÒÀÊ;ADV -
9578;8;ïðîèñõîäèò;ÏÐÎÈÑÕÎÄÈÒÜ;V intr ipf praes sg indic act - 3p;;+;ò;è;ä;î;õ;ñ;V;ÏÐÎÈÑÕÎÄÈÒÜ;V ipf praes sg indic - 3p
9579;9;.;.;SENT;;+;;;;;;;SENT;.;SENT
9580;;;;;;+;;;;;;;;;
9581;1;Íó;ÍÓ;INTJ;;+;ó;í;;;;;PART;ÍÓ;PART
9582;2;,;,;PUNC;;+;;;;;;;PUNC;,;PUNC
9583;3;â;Â;PARENTH;ñëèòíî;+;â;;;;;;PR;Â;PR
9584;4;îáùåì;ÎÁÙÈÉ;PARENTH;ñëèòíî;+;ì;å;ù;á;î;;A;ÎÁÙÈÉ;A - loc sg plen m -
9585;5;-;-;PUNC;;+;;;;;;;PUNC;-;PUNC
9586;6;òî;ÒÎ;PART;;+;î;ò;;;;;CONJ;ÒÎ;CONJ
9587;7;,;,;PUNC;;+;;;;;;;PUNC;,;PUNC
9588;8;òåìà;ÒÅÌÀ;S f inan nom sg;;+;à;ì;å;ò;;;S;ÒÅÌÀ;S f inan nom sg
9589;9;,;,;PUNC;;+;;;;;;;PUNC;,;PUNC
9590;10;êîíå÷íî;ÊÎÍÅ×ÍÎ;PARENTH;;+;î;í;÷;å;í;î;ADV;ÊÎÍÅ×ÍÎ;ADV -
9591;11;,;,;PUNC;;+;;;;;;;PUNC;,;PUNC
9592;12;ïå÷àëüíàÿ;ÏÅ×ÀËÜÍÛÉ;A - nom sg plen f -;;+;ÿ;à;í;ü;ë;à;A;ÏÅ×ÀËÜÍÛÉ;A - nom sg plen f -
9593;13;,;,;PUNC;;+;;;;;;;PUNC;,;PUNC
9594;14;íî;ÍÎ;CONJ;;+;î;í;;;;;CONJ;ÍÎ;CONJ
9595;15;ñåé÷àñ;ÑÅÉ×ÀÑ;ADV -;;+;ñ;à;÷;é;å;ñ;ADV;ÑÅÉ×ÀÑ;ADV -
9596;16;ÿ;ß;SPRO sg 1p - nom;;+;ÿ;;;;;;SPRO;ß;SPRO sg 1p - nom
9597;17;íàøëà;ÍÀÉÒÈ;V tran pf praet sg indic act f -;;+;à;ë;ø;à;í;;V;ÍÀÉÒÈ;V pf praet sg indic f -
9598;18;ñåáÿ;ÑÅÁß;SPRO - - - acc;;+;ÿ;á;å;ñ;;;SPRO;ÑÅÁß;SPRO - - - acc
9599;19;â;Â;PR;;+;â;;;;;;PR;Â;PR
9600;20;òîì;ÒÎ;SPRO n sg loc;;+;ì;î;ò;;;;S;ÒÎ;S n - loc sg
9601;21;,;,;PUNC;;+;;;;;;;PUNC;,;PUNC
9602;22;÷òî;×ÒÎ;CONJ;;+;î;ò;÷;;;;CONJ;×ÒÎ;CONJ
9603;23;ÿ;ß;SPRO sg 1p - nom;;+;ÿ;;;;;;SPRO;ß;SPRO sg 1p - nom
9604;24;ñìîòðþ;ÑÌÎÒÐÅÒÜ;V tran ipf praes sg indic act - 1p;;+;þ;ð;ò;î;ì;ñ;V;ÑÌÎÒÐÅÒÜ;V ipf praes sg indic - 1p
9605;25;ñòàðûå;ÑÒÀÐÛÉ;A - acc pl plen - inan;;+;å;û;ð;à;ò;ñ;A;ÑÒÀÐÛÉ;A - acc pl plen - inan
9606;26;ôèëüìû;ÔÈËÜÌ;S m inan acc pl;;+;û;ì;ü;ë;è;ô;S;ÔÈËÜÌ;S m inan acc pl
9607;27;,;,;PUNC;;+;;;;;;;PUNC;,;PUNC
9608;28;èõ;ÎÍÈ;SPRO pl - - acc;;+;õ;è;;;;;SPRO;ÎÍÈ;SPRO pl - - acc
9609;29;ïîêàçûâàþò;ÏÎÊÀÇÛÂÀÒÜ;V tran ipf praes pl indic act - 3p;;+;ò;þ;à;â;û;ç;V;ÏÎÊÀÇÛÂÀÒÜ;V ipf praes pl indic - 3p
9610;30;ïî;ÏÎ;PR;;+;î;ï;;;;;PR;ÏÎ;PR
9611;31;íåêîòîðûì;ÍÅÊÎÒÎÐÛÉ;A - dat pl plen - -;;+;ì;û;ð;î;ò;î;A;ÍÅÊÎÒÎÐÛÉ;A - dat pl plen - -
9612;32;êàíàëàì;ÊÀÍÀË;S m inan dat pl;;+;ì;à;ë;à;í;à;S;ÊÀÍÀË;S m inan dat pl
9613;33;íà;ÍÀ;PR;;+;à;í;;;;;PR;ÍÀ;PR
9614;34;òåëåâèäåíèè;ÒÅËÅÂÈÄÅÍÈÅ;S n inan loc sg;;+;è;è;í;å;ä;è;S;ÒÅËÅÂÈÄÅÍÈÅ;S n inan loc sg
9615;35;è;È;CONJ;;+;è;;;;;;CONJ;È;CONJ
9616;36;äà;ÄÀ;CONJ;;+;à;ä;;;;;CONJ;ÄÀ;CONJ
9617;37;,;,;PUNC;;+;;;;;;;PUNC;,;PUNC
9618;38;ÿ;ß;SPRO sg 1p - nom;;+;ÿ;;;;;;SPRO;ß;SPRO sg 1p - nom
9619;39;ìîãó;ÌÎ×Ü;V intr ipf praes sg indic act - 1p;;+;ó;ã;î;ì;;;V;ÌÎ×Ü;V ipf praes sg indic - 1p
9620;40;ñêàçàòü;ÑÊÀÇÀÒÜ;V pf - - inf - -;;+;ü;ò;à;ç;à;ê;V;ÑÊÀÇÀÒÜ;V pf - - inf - -
9621;41;,;,;PUNC;;+;;;;;;;PUNC;,;PUNC
9622;42;÷òî;×ÒÎ;CONJ;;+;î;ò;÷;;;;CONJ;×ÒÎ;CONJ
9623;43;âîò;ÂÎÒ;PART;;+;ò;î;â;;;;PART;ÂÎÒ;PART
9624;44;âñ¸;ÂÑÅ;S n - nom sg;;+;¸;ñ;â;;;;S;ÂÑÅ;S n - nom sg
9625;45;,;,;PUNC;;+;;;;;;;PUNC;,;PUNC
9626;46;÷òî;×ÒÎ;CONJ;;+;î;ò;÷;;;;CONJ;×ÒÎ;CONJ
9627;47;ÿ;ß;SPRO sg 1p - nom;;+;ÿ;;;;;;SPRO;ß;SPRO sg 1p - nom
9628;48;ãîâîðèëà;ÃÎÂÎÐÈÒÜ;V ipf praet sg indic f -;;+;à;ë;è;ð;î;â;V;ÃÎÂÎÐÈÒÜ;V ipf praet sg indic f -
9629;49;î;Î;PR;;+;î;;;;;;PR;Î;PR
9630;50;òåõ;ÒÎÒ;A - loc pl plen - -;;+;õ;å;ò;;;;A;ÒÎÒ;A - loc pl plen - -
9631;51;ôèëüìàõ;ÔÈËÜÌ;S m inan loc pl;;+;õ;à;ì;ü;ë;è;S;ÔÈËÜÌ;S m inan loc pl
9632;52;,;,;PUNC;;+;;;;;;;PUNC;,;PUNC
9633;53;ÿ;ß;SPRO sg 1p - nom;;+;ÿ;;;;;;SPRO;ß;SPRO sg 1p - nom
9634;54;ìîãó;ÌÎ×Ü;V ipf praes sg indic - 1p;;+;ó;ã;î;ì;;;V;ÌÎ×Ü;V ipf praes sg indic - 1p
9635;55;ñêàçàòü;ÑÊÀÇÀÒÜ;V tran pf - - inf act - -;;+;ü;ò;à;ç;à;ê;V;ÑÊÀÇÀÒÜ;V pf - - inf - -
9636;56;è;È;CONJ;;+;è;;;;;;CONJ;È;CONJ
9637;57;ñåé÷àñ;ÑÅÉ×ÀÑ;ADV -;;+;ñ;à;÷;é;å;ñ;ADV;ÑÅÉ×ÀÑ;ADV -
9638;58;.;.;SENT;;+;;;;;;;SENT;.;SENT
9639;;;;;;+;;;;;;;;;
9640;1;Ïî-äðóãîìó;ÏÎ-ÄÐÓÃÎÌÓ;ADV -;;+;ó;ì;î;ã;ó;ð;ADV;ÏÎ-ÄÐÓÃÎÌÓ;ADV -
9641;2;ñíèìàëèñü;ÑÍÈÌÀÒÜÑß;V intr ipf praet pl indic med - -;;+;ü;ñ;è;ë;à;ì;V;ÑÍÈÌÀÒÜÑß;V ipf praet pl indic - -
9642;3;îíè;ÎÍÈ;SPRO pl - - nom 3p;;+;è;í;î;;;;SPRO;ÎÍÈ;SPRO pl - - nom
9643;4;,;,;PUNC;;+;;;;;;;PUNC;,;PUNC
9644;5;ìû;ÌÛ;SPRO pl 1p - nom;;+;û;ì;;;;;SPRO;ÌÛ;SPRO pl 1p - nom
9645;6;âèäåëè;ÂÈÄÅÒÜ;V tran ipf praet pl indic act - -;;+;è;ë;å;ä;è;â;V;ÂÈÄÅÒÜ;V ipf praet pl indic - -
9646;7;êðàñèâîå;ÊÐÀÑÈÂÛÉ;A - acc sg plen n inan;;+;å;î;â;è;ñ;à;A;ÊÐÀÑÈÂÛÉ;A - acc sg plen n inan
9647;8;ñ;Ñ;PR;;+;ñ;;;;;;PR;Ñ;PR
9648;9;ýêðàíà;ÝÊÐÀÍ;S m inan gen sg;;+;à;í;à;ð;ê;ý;S;ÝÊÐÀÍ;S m inan gen sg
9649;10;,;,;PUNC;;+;;;;;;;PUNC;,;PUNC
9650;11;õîòÿ;ÕÎÒß;CONJ;;+;ÿ;ò;î;õ;;;CONJ;ÕÎÒß;CONJ
9651;12;âðåìÿ;ÂÐÅÌß;S n inan acc sg;;+;ÿ;ì;å;ð;â;;S;ÂÐÅÌß;S n inan acc sg
9652;13;áûëî;ÁÛÒÜ;V intr ipf praet sg indic act n -;;+;î;ë;û;á;;;V;ÁÛÒÜ;V ipf praet sg indic n -
9653;14;òÿæ¸ëîå;ÒßÆÅËÛÉ;A - nom sg plen n -;;+;å;î;ë;¸;æ;ÿ;A;ÒßÆÅËÛÉ;A - nom sg plen n -
9654;15;.;.;SENT;;+;;;;;;;SENT;.;SENT
9655;;;;;;+;;;;;;;;;
9656;1;À;À;CONJ;;+;à;;;;;;CONJ;À;CONJ
9657;2;ñåé÷àñ;ÑÅÉ×ÀÑ;ADV -;;+;ñ;à;÷;é;å;ñ;ADV;ÑÅÉ×ÀÑ;ADV -
9658;3;âñ¸;ÂÑÅ;SPRO sg n nom;;+;¸;ñ;â;;;;ADV;ÂÑÅ;ADV -
9659;4;íàîáîðîò;ÍÀÎÁÎÐÎÒ;ADV -;;+;ò;î;ð;î;á;î;ADV;ÍÀÎÁÎÐÎÒ;ADV -
9660;5;:;:;PUNC;;+;;;;;;;PUNC;:;PUNC
9661;6;ìû;ÌÛ;SPRO pl 1p - nom;;+;û;ì;;;;;SPRO;ÌÛ;SPRO pl 1p - nom
9662;7;âèäèì;ÂÈÄÅÒÜ;V tran ipf praes pl indic act - 1p;;+;ì;è;ä;è;â;;V;ÂÈÄÅÒÜ;V ipf praes pl indic - 1p
9663;8;êðàñèâûå;ÊÐÀÑÈÂÛÉ;A - acc pl plen - inan;;+;å;û;â;è;ñ;à;A;ÊÐÀÑÈÂÛÉ;A - acc pl plen - inan
9664;9;èíòåðüåðû;ÈÍÒÅÐÜÅÐ;S m inan acc pl;;+;û;ð;å;ü;ð;å;S;ÈÍÒÅÐÜÅÐ;S m inan acc pl
9665;10;,;,;PUNC;;+;;;;;;;PUNC;,;PUNC
9666;11;ìû;ÌÛ;SPRO pl 1p - nom;;+;û;ì;;;;;SPRO;ÌÛ;SPRO pl 1p - nom
9667;12;âèäèì;ÂÈÄÅÒÜ;V tran ipf praes pl indic act - 1p;;+;ì;è;ä;è;â;;V;ÂÈÄÅÒÜ;V ipf praes pl indic - 1p
9668;13;ìíîãîýòàæíûå;ÌÍÎÃÎÝÒÀÆÍÛÉ;A - acc pl plen - -;;+;å;û;í;æ;à;ò;A;ÌÍÎÃÎÝÒÀÆÍÛÉ;A - nom pl plen - -
9669;14;îñîáíÿêè;ÎÑÎÁÍßÊ;S m inan acc pl;;+;è;ê;ÿ;í;á;î;S;ÎÑÎÁÍßÊ;S m inan nom pl
9670;15;,;,;PUNC;;+;;;;;;;PUNC;,;PUNC
9671;16;íî;ÍÎ;CONJ;;+;î;í;;;;;CONJ;ÍÎ;CONJ
9672;17;ìû;ÌÛ;SPRO pl 1p - nom;;+;û;ì;;;;;SPRO;ÌÛ;SPRO pl 1p - nom
9673;18;íå;ÍÅ;PART;;+;å;í;;;;;PART;ÍÅ;PART
9674;19;âèäèì;ÂÈÄÅÒÜ;V tran ipf praes pl indic act - 1p;;+;ì;è;ä;è;â;;V;ÂÈÄÅÒÜ;V ipf praes pl indic - 1p
9675;20;êðàñîòó;ÊÐÀÑÎÒÀ;S f inan acc sg;;+;ó;ò;î;ñ;à;ð;S;ÊÐÀÑÎÒÀ;S f inan acc sg
9676;21;äóøè;ÄÓØÀ;S f inan gen sg;;+;è;ø;ó;ä;;;S;ÄÓØÀ;S f inan gen sg
9677;22;÷åëîâåêà;×ÅËÎÂÅÊ;S m anim gen sg;;+;à;ê;å;â;î;ë;S;×ÅËÎÂÅÊ;S m anim gen sg
9678;23;.;.;SENT;;+;;;;;;;SENT;.;SENT
9679;;;;;;+;;;;;;;;;
9680;1;Ñìîòðèøü;ÑÌÎÒÐÅÒÜ;V tran ipf praes sg indic act - 2p;;+;ü;ø;è;ð;ò;î;V;ÑÌÎÒÐÅÒÜ;V ipf praes sg indic - 2p
9681;2;èíîãäà;ÈÍÎÃÄÀ;ADV -;;+;à;ä;ã;î;í;è;ADV;ÈÍÎÃÄÀ;ADV -
9682;3;ñåðèàë;ÑÅÐÈÀË;S m inan acc sg;;+;ë;à;è;ð;å;ñ;S;ÑÅÐÈÀË;S m inan acc sg
9683;4;êàêîé;ÊÀÊÎÉ;APRO m sg acc;ñëèòíî;+;é;î;ê;à;ê;;A;ÊÀÊÎÉ;A - gen sg plen f -
9684;5;-;-;PUNC;ñëèòíî;+;;;;;;;PUNC;-;PUNC
9685;6;íèòü;ÍÈÁÓÄÜ;APRO m sg acc;distort;+;ü;ò;è;í;;;S;ÍÈÒÜ;S f inan nom sg
9686;7;è;È;CONJ;;+;è;;;;;;CONJ;È;CONJ
9687;8;äóìàåøü;ÄÓÌÀÒÜ;V intr ipf praes sg indic act - 2p;;+;ü;ø;å;à;ì;ó;V;ÄÓÌÀÒÜ;V ipf praes sg indic - 2p
9688;9;:;:;PUNC;;+;;;;;;;PUNC;:;PUNC
9689;10;áîæå;ÁÎÆÅ;S m anim voc sg;;+;å;æ;î;á;;;S;ÁÎÆÅ;S m anim voc sg
9690;11;æ;Æ;PART;;+;æ;;;;;;PART;Æ;PART
9691;12;òû;ÒÛ;SPRO sg 2p - nom;;+;û;ò;;;;;SPRO;ÒÛ;SPRO sg 2p - nom
9692;13;ìîé;ÌÎÉ;A - nom sg plen m -;;+;é;î;ì;;;;A;ÌÎÉ;A - nom sg plen m -
9693;14;,;,;PUNC;;+;;;;;;;PUNC;,;PUNC
9694;15;ó;Ó;PR;;+;ó;;;;;;PR;Ó;PR
9695;16;ëþäåé;×ÅËÎÂÅÊ;S m anim gen pl;;+;é;å;ä;þ;ë;;S;×ÅËÎÂÅÊ;S m anim gen pl
9696;17;ãîëîä;ÃÎËÎÄ;S m inan nom sg;;+;ä;î;ë;î;ã;;S;ÃÎËÎÄ;S m inan nom sg
9697;18;,;,;PUNC;;+;;;;;;;PUNC;,;PUNC
9698;19;à;À;CONJ;;+;à;;;;;;CONJ;À;CONJ
9699;20;îíè;ÎÍÈ;SPRO pl - - nom 3p;;+;è;í;î;;;;SPRO;ÎÍÈ;SPRO pl - - nom
9700;21;íàì;ÌÛ;SPRO pl 1p - dat;;+;ì;à;í;;;;SPRO;ÌÛ;SPRO pl 1p - dat
9701;22;ïîêàçûâàþò;ÏÎÊÀÇÛÂÀÒÜ;V tran ipf praes pl indic act - 3p;;+;ò;þ;à;â;û;ç;V;ÏÎÊÀÇÛÂÀÒÜ;V ipf praes pl indic - 3p
9702;23;çîëîòûå;ÇÎËÎÒÎÉ;A - acc pl plen - inan;;+;å;û;ò;î;ë;î;A;ÇÎËÎÒÎÉ;A - acc pl plen - inan
9703;24;óíèòàçû;ÓÍÈÒÀÇ;S m inan acc pl;;+;û;ç;à;ò;è;í;S;ÓÍÈÒÀÇ;S m inan acc pl
9704;25;.;.;SENT;;+;;;;;;;SENT;.;SENT
9705;;;;;;+;;;;;;;;;
9706;1;È;È;CONJ;;+;è;;;;;;CONJ;È;CONJ
9707;2;÷òî;×ÒÎ;SPRO n sg nom;;+;î;ò;÷;;;;S;×ÒÎ;S n - nom sg
9708;3;?;?;SENT;;+;;;;;;;SENT;?;SENT
9709;;;;;;+;;;;;;;;;
9710;1;Ðàíüøå;ÐÀÍÎ;ADV comp;;+;å;ø;ü;í;à;ð;ADV;ÐÀÍÎ;ADV comp
9711;2;ìû;ÌÛ;SPRO pl 1p - nom;;+;û;ì;;;;;SPRO;ÌÛ;SPRO pl 1p - nom
9712;3;òîæå;ÒÎÆÅ;PART;;+;å;æ;î;ò;;;PART;ÒÎÆÅ;PART
9713;4;æèëè;ÆÈÒÜ;V intr ipf praet pl indic act - -;;+;è;ë;è;æ;;;V;ÆÈÒÜ;V ipf praet pl indic - -
9714;5;íå;ÍÅ;PART;;+;å;í;;;;;PART;ÍÅ;PART
9715;6;î÷åíü;Î×ÅÍÜ;ADV -;;+;ü;í;å;÷;î;;ADV;Î×ÅÍÜ;ADV -
9716;7;-;-;PUNC;;+;;;;;;;PUNC;-;PUNC
9717;8;òî;ÒÎ;CONJ;;+;î;ò;;;;;CONJ;ÒÎ;CONJ
9718;9;áîãàòî;ÁÎÃÀÒÎ;ADV -;;+;î;ò;à;ã;î;á;ADV;ÁÎÃÀÒÎ;ADV -
9719;10;,;,;PUNC;;+;;;;;;;PUNC;,;PUNC
9720;11;íî;ÍÎ;CONJ;;+;î;í;;;;;CONJ;ÍÎ;CONJ
9721;12;èíòåðüåðû;ÈÍÒÅÐÜÅÐ;S m inan nom pl;;+;û;ð;å;ü;ð;å;S;ÈÍÒÅÐÜÅÐ;S m inan acc pl
9722;13;áûëè;ÁÛÒÜ;V intr ipf praet pl indic act -;;+;è;ë;û;á;;;V;ÁÛÒÜ;V ipf praet pl indic - -
9723;14;â;Â;PR;;+;â;;;;;;PR;Â;PR
9724;15;ñïåêòàêëÿõ;ÑÏÅÊÒÀÊËÜ;S m inan loc pl;;+;õ;ÿ;ë;ê;à;ò;S;ÑÏÅÊÒÀÊËÜ;S m inan loc pl
9725;16;è;È;CONJ;;+;è;;;;;;CONJ;È;CONJ
9726;17;â;Â;PR;;+;â;;;;;;PR;Â;PR
9727;18;ôèëüìàõ;ÔÈËÜÌ;S m inan loc pl;;+;õ;à;ì;ü;ë;è;S;ÔÈËÜÌ;S m inan loc pl
9728;19;íåïëîõèå;ÍÅÏËÎÕÎÉ;A - acc pl plen - inan;;+;å;è;õ;î;ë;ï;A;ÍÅÏËÎÕÎÉ;A - acc pl plen - inan
9729;20;,;,;PUNC;;+;;;;;;;PUNC;,;PUNC
9730;21;è;È;CONJ;;+;è;;;;;;CONJ;È;CONJ
9731;22;ïëàòüÿ;ÏËÀÒÜÅ;S n inan gen sg;;+;ÿ;ü;ò;à;ë;ï;S;ÏËÀÒÜÅ;S n inan gen sg
9732;23;áûëè;ÁÛÒÜ;V intr ipf praet pl indic act -;;+;è;ë;û;á;;;V;ÁÛÒÜ;V ipf praet pl indic - -
9733;24;øèêàðíûå;ØÈÊÀÐÍÛÉ;A - nom pl plen - -;;+;å;û;í;ð;à;ê;A;ØÈÊÀÐÍÛÉ;A - nom pl plen - -
9734;25;,;,;PUNC;;+;;;;;;;PUNC;,;PUNC
9735;26;è;È;CONJ;;+;è;;;;;;CONJ;È;CONJ
9736;27;êëàññèêó;ÊËÀÑÑÈÊÀ;S f inan acc sg;;+;ó;ê;è;ñ;ñ;à;S;ÊËÀÑÑÈÊÀ;S f inan acc sg
9737;28;ñíèìàëè;ÑÍÈÌÀÒÜ;V tran ipf praet pl indic act - -;;+;è;ë;à;ì;è;í;V;ÑÍÈÌÀÒÜ;V ipf praet pl indic - -
9738;29;÷àùå;×ÀÑÒÎ;ADV comp;;+;å;ù;à;÷;;;ADV;×ÀÑÒÎ;ADV comp
9739;30;,;,;PUNC;;+;;;;;;;PUNC;,;PUNC
9740;31;íåñëè;ÍÅÑÒÈ;V tran ipf praet pl indic act - -;;+;è;ë;ñ;å;í;;V;ÍÅÑÒÈ;V ipf praet pl indic - -
9741;32;â;Â;PR;;+;â;;;;;;PR;Â;PR
9742;33;ìàññû;ÌÀÑÑÀ;S f inan acc sg;;+;û;ñ;ñ;à;ì;;S;ÌÀÑÑÀ;S f inan gen sg
9743;34;ïðåêðàñíîå;ÏÐÅÊÐÀÑÍÛÉ;S n sg acc;;+;å;î;í;ñ;à;ð;A;ÏÐÅÊÐÀÑÍÛÉ;A - nom sg plen n -
9744;35;â;Â;PR;;+;â;;;;;;PR;Â;PR
9745;36;ïîëíîì;ÏÎËÍÛÉ;A - loc sg plen m -;;+;ì;î;í;ë;î;ï;A;ÏÎËÍÛÉ;A - loc sg plen m -
9746;37;ñìûñëå;ÑÌÛÑË;S m inan loc sg;;+;å;ë;ñ;û;ì;ñ;S;ÑÌÛÑË;S m inan loc sg
9747;38;ñëîâà;ÑËÎÂÎ;S n inan gen sg;;+;à;â;î;ë;ñ;;S;ÑËÎÂÎ;S n inan gen sg
9748;39;.;.;SENT;;+;;;;;;;SENT;.;SENT
9749;;;;;;+;;;;;;;;;
9750;1;Ñìîòðèøü;ÑÌÎÒÐÅÒÜ;V tran ipf praes sg indic act - 2p;;+;ü;ø;è;ð;ò;î;V;ÑÌÎÒÐÅÒÜ;V ipf praes sg indic - 2p
9751;2;ñåé÷àñ;ÑÅÉ×ÀÑ;ADV -;;+;ñ;à;÷;é;å;ñ;ADV;ÑÅÉ×ÀÑ;ADV -
9752;3;ýòè;ÝÒÎÒ;APRO pl acc;;+;è;ò;ý;;;;A;ÝÒÎÒ;A - nom pl plen - -
9753;4;ôèëüìû;ÔÈËÜÌ;S m inan acc pl;;+;û;ì;ü;ë;è;ô;S;ÔÈËÜÌ;S m inan nom pl
9754;5;è;È;CONJ;;+;è;;;;;;CONJ;È;CONJ
9755;6;äóìàåøü;ÄÓÌÀÒÜ;V intr ipf praes sg indic act - 2p;;+;ü;ø;å;à;ì;ó;V;ÄÓÌÀÒÜ;V ipf praes sg indic - 2p
9756;7;:;:;PUNC;;+;;;;;;;PUNC;:;PUNC
9757;8;áîæå;ÁÎÆÅ;S m anim voc sg;;+;å;æ;î;á;;;S;ÁÎÆÅ;S m anim voc sg
9758;9;æ;Æ;PART;;+;æ;;;;;;PART;Æ;PART
9759;10;òû;ÒÛ;SPRO sg 2p - nom;;+;û;ò;;;;;SPRO;ÒÛ;SPRO sg 2p - nom
9760;11;ìîé;ÌÎÉ;A - nom sg plen m -;;+;é;î;ì;;;;A;ÌÎÉ;A - nom sg plen m -
9761;12;,;,;PUNC;;+;;;;;;;PUNC;,;PUNC
9762;13;êàê;ÊÀÊ;CONJ;;+;ê;à;ê;;;;CONJ;ÊÀÊ;CONJ
9763;14;îíè;ÎÍÈ;SPRO pl - - nom 3p;;+;è;í;î;;;;SPRO;ÎÍÈ;SPRO pl - - nom
9764;15;ìîãëè;ÌÎ×Ü;V intr ipf praet pl indic act - -;;+;è;ë;ã;î;ì;;V;ÌÎ×Ü;V ipf praet pl indic - -
9765;16;òîãäà;ÒÎÃÄÀ;ADV -;;+;à;ä;ã;î;ò;;ADV;ÒÎÃÄÀ;ADV -
9766;17;,;,;PUNC;;+;;;;;;;PUNC;,;PUNC
9767;18;ïðè;ÏÐÈ;PR;;+;è;ð;ï;;;;PR;ÏÐÈ;PR
9768;19;òàêîé;ÒÀÊÎÉ;A - loc sg plen f -;;+;é;î;ê;à;ò;;A;ÒÀÊÎÉ;A - loc sg plen f -
9769;20;íèùåòå;ÍÈÙÅÒÀ;S f inan loc sg;;+;å;ò;å;ù;è;í;S;ÍÈÙÅÒÀ;S f inan loc sg
9770;21;îáùåé;ÎÁÙÈÉ;A - loc sg plen f -;;+;é;å;ù;á;î;;A;ÎÁÙÈÉ;A - gen sg plen f -
9771;22;,;,;PUNC;;+;;;;;;;PUNC;,;PUNC
9772;23;âñåîáùåé;ÂÑÅÎÁÙÈÉ;A - loc sg plen f -;;+;é;å;ù;á;î;å;A;ÂÑÅÎÁÙÈÉ;A - gen sg plen f -
9773;24;,;,;PUNC;;+;;;;;;;PUNC;,;PUNC
9774;25;ñíèìàòü;ÑÍÈÌÀÒÜ;V tran ipf - - inf act - -;;+;ü;ò;à;ì;è;í;V;ÑÍÈÌÀÒÜ;V ipf - - inf - -
9775;26;òàêèå;ÒÀÊÎÉ;A - acc pl plen - -;;+;å;è;ê;à;ò;;A;ÒÀÊÎÉ;A - nom pl plen - -
9776;27;ôèëüìû;ÔÈËÜÌ;S m inan acc pl;;+;û;ì;ü;ë;è;ô;S;ÔÈËÜÌ;S m inan nom pl
9777;28;,;,;PUNC;;+;;;;;;;PUNC;,;PUNC
9778;29;ñ;Ñ;PR;;+;ñ;;;;;;PR;Ñ;PR
9779;30;øèêàðíûìè;ØÈÊÀÐÍÛÉ;A - ins pl plen - -;;+;è;ì;û;í;ð;à;A;ØÈÊÀÐÍÛÉ;A - ins pl plen - -
9780;31;ïëàòüÿìè;ÏËÀÒÜÅ;S n inan ins pl;;+;è;ì;ÿ;ü;ò;à;S;ÏËÀÒÜÅ;S n inan ins pl
9781;32;,;,;PUNC;;+;;;;;;;PUNC;,;PUNC
9782;33;ñ;Ñ;PR;;+;ñ;;;;;;PR;Ñ;PR
9783;34;-;-;PUNC;;+;;;;;;;PUNC;-;PUNC
9784;35;ñ;Ñ;PR;;+;ñ;;;;;;PR;Ñ;PR
9785;36;øèêàðíûìè;ØÈÊÀÐÍÛÉ;A - ins pl plen - -;;+;è;ì;û;í;ð;à;A;ØÈÊÀÐÍÛÉ;A - ins pl plen - -
9786;37;ãðèìàìè;ÃÐÈÌ;S f inan ins pl;;+;è;ì;à;ì;è;ð;S;ÃÐÈÌ;S f inan ins pl
9787;38;.;.;SENT;;+;;;;;;;SENT;.;SENT
9788;;;;;;+;;;;;;;;;
9789;1;Íó;ÍÓ;INTJ;;+;ó;í;;;;;PART;ÍÓ;PART
9790;2;,;,;PUNC;;+;;;;;;;PUNC;,;PUNC
9791;3;äà;ÄÀ;PART;;+;à;ä;;;;;PART;ÄÀ;PART
9792;4;,;,;PUNC;;+;;;;;;;PUNC;,;PUNC
9793;5;âîò;ÂÎÒ;PART;;+;ò;î;â;;;;PART;ÂÎÒ;PART
9794;6;,;,;PUNC;;+;;;;;;;PUNC;,;PUNC
9795;7;íàâåðíîå;ÍÀÂÅÐÍÎÅ;ADV -;;+;å;î;í;ð;å;â;ADV;ÍÀÂÅÐÍÎÅ;ADV -
9796;8;,;,;PUNC;;+;;;;;;;PUNC;,;PUNC
9797;9;íàøå;ÍÀØ;A - nom sg plen n -;;+;å;ø;à;í;;;A;ÍÀØ;A - nom sg plen n -
9798;10;îáùåñòâî;ÎÁÙÅÑÒÂÎ;S n inan nom sg;;+;î;â;ò;ñ;å;ù;S;ÎÁÙÅÑÒÂÎ;S n inan nom sg
9799;11;íà÷èíàåò;ÍÀ×ÈÍÀÒÜ;V tran ipf praes sg indic act - 3p;;+;ò;å;à;í;è;÷;V;ÍÀ×ÈÍÀÒÜ;V ipf praes sg indic - 3p
9800;12;äåãðàäèðîâàòü;ÄÅÃÐÀÄÈÐÎÂÀÒÜ;V intr ipf - - inf act - -;;+;ü;ò;à;â;î;ð;V;ÄÅÃÐÀÄÈÐÎÂÀÒÜ;V ipf - - inf - -
9801;13;,;,;PUNC;;+;;;;;;;PUNC;,;PUNC
9802;14;ðåãðåññ;ÐÅÃÐÅÑÑ;S m inan acc sg;;+;ñ;ñ;å;ð;ã;å;S;ÐÅÃÐÅÑÑ;S m inan acc sg
9803;15;íà÷èíàåòñÿ;ÍÀ×ÈÍÀÒÜÑß;V intr ipf praes sg indic med - 3p;;+;ÿ;ñ;ò;å;à;í;V;ÍÀ×ÈÍÀÒÜÑß;V ipf praes sg indic - 3p
9804;16;.;.;SENT;;+;;;;;;;SENT;.;SENT
9805;;;;;;+;;;;;;;;;
9806;1;Ëó÷øåå;ËÓ×ØÈÉ;A supr nom sg plen n -;;+;å;å;ø;÷;ó;ë;A;ËÓ×ØÈÉ;A supr nom sg plen n -
9807;2;âðàã;ÂÐÀÃ;S m anim nom sg;;+;ã;à;ð;â;;;S;ÂÐÀÃ;S m anim nom sg
9808;3;õîðîøåãî;ÕÎÐÎØÈÉ;A - gen sg plen n -;;+;î;ã;å;ø;î;ð;A;ÕÎÐÎØÈÉ;A - gen sg plen n -
9809;4;.;.;SENT;;+;;;;;;;SENT;.;SENT
9810;;;;;;+;;;;;;;;;
9811;1;Íó;ÍÓ;INTJ;;+;ó;í;;;;;PART;ÍÓ;PART
9812;2;,;,;PUNC;;+;;;;;;;PUNC;,;PUNC
9813;3;ìîæíî;ÌÎÆÍÎ;ADV -;;+;î;í;æ;î;ì;;ADV;ÌÎÆÍÎ;ADV -
9814;4;çàâåðøèòü;ÇÀÂÅÐØÈÒÜ;V tran pf - - inf act - -;;+;ü;ò;è;ø;ð;å;V;ÇÀÂÅÐØÈÒÜ;V pf - - inf - -
9815;5;âñ¸;ÂÅÑÜ;SPRO n sg acc;;+;¸;ñ;â;;;;A;ÂÅÑÜ;A - nom pl plen - -
9816;6;ýòî;ÝÒÎ;SPRO n sg acc;;+;î;ò;ý;;;;S;ÝÒÎ;S n - nom sg
9817;7;òåì;ÒÎ;SPRO n sg ins;;+;ì;å;ò;;;;S;ÒÎ;S n - ins sg
9818;8;,;,;PUNC;;+;;;;;;;PUNC;,;PUNC
9819;9;÷òî;×ÒÎ;CONJ;;+;î;ò;÷;;;;CONJ;×ÒÎ;CONJ
9820;10;ÿ;ß;SPRO sg 1p - nom;;+;ÿ;;;;;;SPRO;ß;SPRO sg 1p - nom
9821;11;è;È;CONJ;;+;è;;;;;;CONJ;È;CONJ
9822;12;ñêàçàëà;ÑÊÀÇÀÒÜ;V tran pf praet sg indic act f -;;+;à;ë;à;ç;à;ê;V;ÑÊÀÇÀÒÜ;V pf praet sg indic f -
9823;13;:;:;PUNC;;+;;;;;;;PUNC;:;PUNC
9824;14;ðåãðåññ;ÐÅÃÐÅÑÑ;S m inan nom sg;;+;ñ;ñ;å;ð;ã;å;S;ÐÅÃÐÅÑÑ;S m inan acc sg
9825;15;.;.;SENT;;+;;;;;;;SENT;.;SENT
9826;;;;;;+;;;;;;;;;
9827;1;Æàëü;ÆÀËÜ;PRAEDIC;;+;ü;ë;à;æ;;;ADV;ÆÀËÜ;ADV -
9828;2;.;.;SENT;;+;;;;;;;SENT;.;SENT
9829;;;;;;+;;;;;;;;;
9830;1;Äàæå;ÄÀÆÅ;PART;;+;å;æ;à;ä;;;PART;ÄÀÆÅ;PART
9831;2;ñìîòðåòü;ÑÌÎÒÐÅÒÜ;V tran ipf - - inf act - -;;+;ü;ò;å;ð;ò;î;V;ÑÌÎÒÐÅÒÜ;V ipf - - inf - -
9832;3;íå÷åãî;ÍÅ×ÅÃÎ;PRAEDICPRO;;+;î;ã;å;÷;å;í;ADV;ÍÅ×ÅÃÎ;ADV -
9833;4;.;.;SENT;;+;;;;;;;SENT;.;SENT
9834;;;;;;+;;;;;;;;;
9835;1;È;È;CONJ;;+;è;;;;;;CONJ;È;CONJ
9836;2;÷åëîâåêó;×ÅËÎÂÅÊ;S m anim dat sg;;+;ó;ê;å;â;î;ë;S;×ÅËÎÂÅÊ;S m anim dat sg
9837;3;íå;ÍÅ;PART;;+;å;í;;;;;PART;ÍÅ;PART
9838;4;íåñåò;ÍÅÑÒÈ;V tran ipf praes sg indic act - 3p;;+;ò;å;ñ;å;í;;V;ÍÅÑÒÈ;V ipf praes sg indic - 3p
9839;5;íè÷åãî;ÍÈ×ÅÃÎ;ADV -;;+;î;ã;å;÷;è;í;ADV;ÍÈ×ÅÃÎ;ADV -
9840;6;ýòî;ÝÒÎ;SPRO n sg acc;;+;î;ò;ý;;;;S;ÝÒÎ;S n - nom sg
9841;7;.;.;SENT;;+;;;;;;;SENT;.;SENT
9842;;;;;;+;;;;;;;;;
9843;1;Ïðîñòî;ÏÐÎÑÒÎ;PART;;+;î;ò;ñ;î;ð;ï;PART;ÏÐÎÑÒÎ;PART
9844;2;ýôèðíîå;ÝÔÈÐÍÛÉ;A - nom sg plen n inan;;+;å;î;í;ð;è;ô;A;ÝÔÈÐÍÛÉ;A - acc sg plen n inan
9845;3;âðåìÿ;ÂÐÅÌß;S n inan nom sg;;+;ÿ;ì;å;ð;â;;S;ÂÐÅÌß;S n inan acc sg
9846;4;çàíÿòî;ÇÀÍßÒÛÉ;A - - sg brev n -;;+;î;ò;ÿ;í;à;ç;A;ÇÀÍßÒÛÉ;A - - sg brev n -
9847;5;íåïîíÿòíî;ÍÅÏÎÍßÒÍÎ;ADV -;;+;î;í;ò;ÿ;í;î;ADV;ÍÅÏÎÍßÒÍÎ;ADV -
9848;6;÷åì;×ÅÌ;SPRO n sg ins 3p;;+;ì;å;÷;;;;CONJ;×ÅÌ;CONJ
9849;7;.;.;SENT;;+;;;;;;;SENT;.;SENT
